,insured_hobbies,incident_type,collision_type,incident_severity,authorities_contacted,incident_state,property_damage,umbrella_limit,policy_deductable,number_of_vehicles_involved,witnesses,policy_annual_premium,property_claim
0,sleeping,Single Vehicle Collision,Side Collision,Major Damage,Police,SC,YES,0,1000,1,2,1406.91,13020
1,reading,Vehicle Theft,Rear Collision,Minor Damage,Police,VA,NO,5000000,2000,1,0,1197.22,780
2,board-games,Multi-vehicle Collision,Rear Collision,Minor Damage,Police,NY,NO,5000000,2000,3,3,1413.14,3850
3,board-games,Single Vehicle Collision,Front Collision,Major Damage,Police,OH,NO,6000000,2000,1,2,1415.74,6340
4,board-games,Vehicle Theft,Rear Collision,Minor Damage,None,NY,NO,6000000,1000,1,1,1583.91,650
5,bungie-jumping,Multi-vehicle Collision,Rear Collision,Major Damage,Fire,SC,NO,0,1000,3,2,1351.1,6410
6,board-games,Multi-vehicle Collision,Front Collision,Minor Damage,Police,NY,NO,0,1000,3,0,1333.35,7150
7,base-jumping,Multi-vehicle Collision,Front Collision,Total Loss,Police,VA,NO,0,1000,3,2,1137.03,9380
8,golf,Single Vehicle Collision,Front Collision,Total Loss,Police,WV,NO,0,500,1,1,1442.99,2770
9,camping,Single Vehicle Collision,Rear Collision,Total Loss,Other,NC,NO,0,500,1,1,1315.68,4700
10,dancing,Single Vehicle Collision,Front Collision,Total Loss,Police,NY,YES,4000000,500,1,2,1253.12,15820
11,skydiving,Multi-vehicle Collision,Front Collision,Major Damage,Fire,SC,YES,0,2000,3,2,1137.16,17680
12,reading,Single Vehicle Collision,Rear Collision,Total Loss,Ambulance,SC,YES,3000000,500,1,0,1215.36,9420
13,bungie-jumping,Parked Car,Rear Collision,Minor Damage,None,SC,NO,0,1000,1,1,936.61,1120
14,board-games,Single Vehicle Collision,Rear Collision,Total Loss,Police,SC,NO,0,2000,1,2,1301.13,8400
15,movies,Multi-vehicle Collision,Side Collision,Major Damage,Other,WV,YES,0,2000,4,0,1131.4,10520
16,hiking,Multi-vehicle Collision,Rear Collision,Major Damage,Other,NY,NO,5000000,1000,3,2,1199.44,5790
17,reading,Single Vehicle Collision,Side Collision,Total Loss,Police,WV,NO,6000000,500,1,2,708.64,7080
18,yachting,Single Vehicle Collision,Side Collision,Total Loss,Other,NY,YES,0,500,1,0,1374.22,13260
19,camping,Multi-vehicle Collision,Side Collision,Major Damage,Police,VA,NO,0,2000,3,0,1475.73,6040
20,bungie-jumping,Multi-vehicle Collision,Rear Collision,Minor Damage,Police,NY,NO,4000000,1000,3,0,1187.96,5240
21,skydiving,Multi-vehicle Collision,Side Collision,Total Loss,Police,SC,NO,0,2000,3,2,875.15,4730
22,paintball,Multi-vehicle Collision,Rear Collision,Major Damage,Ambulance,SC,NO,0,2000,3,0,972.18,5960
23,chess,Single Vehicle Collision,Front Collision,Total Loss,Ambulance,WV,NO,0,2000,1,2,1268.79,16360
24,kayaking,Single Vehicle Collision,Rear Collision,Minor Damage,Other,VA,NO,0,1000,1,3,883.31,14160
25,polo,Multi-vehicle Collision,Rear Collision,Major Damage,Other,OH,NO,0,2000,3,3,1266.92,11000
26,golf,Parked Car,Rear Collision,Minor Damage,Police,PA,YES,0,2000,1,3,1322.1,820
27,chess,Vehicle Theft,Rear Collision,Minor Damage,None,VA,YES,3000000,500,1,1,848.07,520
28,kayaking,Single Vehicle Collision,Side Collision,Minor Damage,Other,SC,NO,0,2000,1,0,1291.7,15520
29,basketball,Single Vehicle Collision,Rear Collision,Minor Damage,Police,SC,NO,0,2000,1,2,1104.5,14100
30,video-games,Multi-vehicle Collision,Side Collision,Major Damage,Ambulance,SC,NO,0,1000,4,0,954.16,12600
31,reading,Multi-vehicle Collision,Side Collision,Major Damage,Police,WV,NO,8000000,2000,3,2,1337.28,7460
32,yachting,Multi-vehicle Collision,Front Collision,Total Loss,Police,NY,YES,0,1000,3,3,1088.34,3310
33,video-games,Multi-vehicle Collision,Front Collision,Major Damage,Ambulance,NY,NO,0,1000,3,2,1558.29,14020
34,yachting,Single Vehicle Collision,Side Collision,Total Loss,Fire,WV,YES,0,500,1,1,1415.68,5400
35,reading,Single Vehicle Collision,Front Collision,Major Damage,Other,WV,YES,6000000,1000,1,0,1334.15,5310
36,camping,Single Vehicle Collision,Rear Collision,Total Loss,Police,NY,NO,0,1000,1,1,988.45,6020
37,golf,Parked Car,Rear Collision,Minor Damage,None,WV,NO,0,2000,1,1,1222.48,820
38,bungie-jumping,Multi-vehicle Collision,Rear Collision,Major Damage,Police,NY,NO,0,2000,3,0,1155.55,6230
39,video-games,Single Vehicle Collision,Front Collision,Major Damage,Ambulance,NC,NO,0,500,1,3,1262.08,10940
40,kayaking,Single Vehicle Collision,Rear Collision,Minor Damage,Ambulance,WV,NO,0,500,1,2,1451.62,4000
41,chess,Single Vehicle Collision,Side Collision,Major Damage,Police,WV,NO,0,500,1,1,1737.66,16180
42,hiking,Multi-vehicle Collision,Side Collision,Minor Damage,Other,SC,YES,0,500,3,0,1475.93,5740
43,reading,Single Vehicle Collision,Rear Collision,Total Loss,Other,NC,NO,0,500,1,2,538.17,5680
44,reading,Single Vehicle Collision,Front Collision,Minor Damage,Other,SC,YES,0,2000,1,2,1081.08,11280
45,yachting,Multi-vehicle Collision,Rear Collision,Total Loss,Other,NY,NO,0,1000,3,3,1454.43,0
46,polo,Multi-vehicle Collision,Rear Collision,Total Loss,Fire,NC,YES,0,500,3,1,1240.47,14020
47,kayaking,Multi-vehicle Collision,Front Collision,Major Damage,Fire,WV,NO,4000000,2000,3,1,1273.7,6280
48,dancing,Vehicle Theft,Rear Collision,Trivial Damage,Police,NY,NO,8000000,1000,1,0,1123.87,810
49,movies,Single Vehicle Collision,Rear Collision,Total Loss,Other,WV,NO,0,1000,1,0,1245.89,7660
50,bungie-jumping,Multi-vehicle Collision,Front Collision,Minor Damage,Fire,NY,NO,7000000,2000,3,3,1326.62,8180
51,polo,Vehicle Theft,Rear Collision,Trivial Damage,None,NY,NO,0,2000,1,2,1073.83,660
52,basketball,Vehicle Theft,Rear Collision,Minor Damage,None,WV,NO,0,1000,1,1,1530.52,430
53,movies,Multi-vehicle Collision,Side Collision,Major Damage,Police,NC,YES,0,500,3,0,1201.41,12820
54,movies,Parked Car,Rear Collision,Minor Damage,Police,VA,NO,0,1000,1,1,1393.57,480
55,skydiving,Single Vehicle Collision,Rear Collision,Minor Damage,Fire,NY,YES,0,1000,1,2,1276.57,7890
56,chess,Multi-vehicle Collision,Front Collision,Major Damage,Fire,SC,NO,0,500,3,3,1082.49,6270
57,hiking,Parked Car,Rear Collision,Minor Damage,None,VA,NO,0,1000,1,3,1414.74,300
58,yachting,Single Vehicle Collision,Front Collision,Total Loss,Ambulance,WV,YES,0,2000,1,1,1470.06,7310
59,kayaking,Multi-vehicle Collision,Side Collision,Minor Damage,Police,VA,NO,0,2000,3,1,870.63,5720
60,base-jumping,Multi-vehicle Collision,Rear Collision,Major Damage,Police,NY,YES,0,500,3,1,795.23,0
61,basketball,Multi-vehicle Collision,Side Collision,Total Loss,Other,OH,NO,0,1000,3,3,1168.2,3690
62,bungie-jumping,Single Vehicle Collision,Side Collision,Minor Damage,Other,WV,NO,0,1000,1,3,993.51,11260
63,video-games,Multi-vehicle Collision,Front Collision,Major Damage,Fire,WV,YES,0,500,3,2,1848.81,5710
64,chess,Multi-vehicle Collision,Rear Collision,Total Loss,Fire,VA,NO,5000000,2000,3,0,1641.73,6570
65,chess,Multi-vehicle Collision,Front Collision,Minor Damage,Ambulance,NY,YES,0,500,3,2,1362.87,6860
66,paintball,Single Vehicle Collision,Side Collision,Minor Damage,Fire,SC,YES,7000000,500,1,1,1239.22,13800
67,reading,Multi-vehicle Collision,Side Collision,Minor Damage,Fire,WV,NO,0,500,3,1,835.02,3770
68,movies,Single Vehicle Collision,Front Collision,Major Damage,Ambulance,WV,NO,0,1000,1,3,1061.33,6230
69,kayaking,Parked Car,Rear Collision,Minor Damage,None,NC,NO,0,1000,1,1,1279.08,860
70,sleeping,Multi-vehicle Collision,Side Collision,Major Damage,Other,SC,NO,0,500,2,3,1105.49,6210
71,cross-fit,Single Vehicle Collision,Front Collision,Total Loss,Other,WV,NO,0,2000,1,2,1055.53,6810
72,paintball,Single Vehicle Collision,Rear Collision,Minor Damage,Ambulance,NC,NO,0,1000,1,2,895.83,0
73,golf,Multi-vehicle Collision,Rear Collision,Minor Damage,Fire,SC,NO,0,500,3,0,1632.93,4760
74,yachting,Multi-vehicle Collision,Side Collision,Minor Damage,Ambulance,VA,YES,0,1000,3,0,1405.99,4770
75,bungie-jumping,Multi-vehicle Collision,Front Collision,Total Loss,Ambulance,SC,NO,0,1000,3,0,1425.54,5690
76,golf,Multi-vehicle Collision,Front Collision,Minor Damage,Fire,NY,NO,0,1000,3,1,1038.09,7450
77,dancing,Multi-vehicle Collision,Front Collision,Total Loss,Police,WV,NO,0,500,3,2,1307.11,10860
78,kayaking,Vehicle Theft,Rear Collision,Minor Damage,None,SC,YES,6000000,1000,1,2,1489.24,1240
79,polo,Single Vehicle Collision,Rear Collision,Major Damage,Fire,SC,NO,0,500,1,2,976.67,7220
80,paintball,Multi-vehicle Collision,Side Collision,Minor Damage,Ambulance,NC,NO,0,2000,3,2,1340.43,10160
81,video-games,Vehicle Theft,Rear Collision,Trivial Damage,None,NC,NO,5000000,2000,1,1,1267.81,1320
82,bungie-jumping,Vehicle Theft,Rear Collision,Minor Damage,Police,NY,YES,6000000,1000,1,2,1234.2,1500
83,video-games,Vehicle Theft,Rear Collision,Trivial Damage,None,VA,NO,0,2000,1,3,1318.06,1180
84,movies,Multi-vehicle Collision,Side Collision,Major Damage,Ambulance,NY,NO,0,2000,2,3,769.95,11080
85,board-games,Multi-vehicle Collision,Front Collision,Major Damage,Fire,NY,YES,0,2000,3,1,1514.72,11660
86,yachting,Multi-vehicle Collision,Front Collision,Minor Damage,Other,SC,NO,4000000,1000,3,1,873.64,11400
87,yachting,Single Vehicle Collision,Side Collision,Total Loss,Fire,VA,NO,0,500,1,1,1612.43,11680
88,kayaking,Parked Car,Rear Collision,Trivial Damage,None,WV,NO,9000000,2000,1,1,1318.24,470
89,exercise,Multi-vehicle Collision,Side Collision,Major Damage,Other,SC,YES,0,1000,3,0,1226.83,5640
90,board-games,Multi-vehicle Collision,Front Collision,Total Loss,Fire,SC,YES,5000000,2000,2,1,1326.44,10300
91,exercise,Single Vehicle Collision,Side Collision,Major Damage,Police,NY,NO,4000000,2000,1,3,1136.83,17880
92,yachting,Parked Car,Rear Collision,Trivial Damage,None,WV,NO,0,2000,1,1,1322.78,590
93,exercise,Multi-vehicle Collision,Front Collision,Major Damage,Ambulance,NC,NO,0,1000,3,1,1483.25,11780
94,hiking,Multi-vehicle Collision,Rear Collision,Total Loss,Ambulance,SC,NO,0,500,3,0,1515.3,8520
95,exercise,Vehicle Theft,Rear Collision,Minor Damage,None,OH,NO,5000000,2000,1,0,1075.18,630
96,hiking,Single Vehicle Collision,Side Collision,Major Damage,Fire,VA,YES,0,1000,1,3,1690.27,6630
97,skydiving,Multi-vehicle Collision,Rear Collision,Minor Damage,Other,SC,YES,0,2000,4,2,1352.83,7210
98,kayaking,Parked Car,Rear Collision,Trivial Damage,None,WV,NO,0,1000,1,2,1148.73,900
99,reading,Vehicle Theft,Rear Collision,Trivial Damage,None,NC,NO,0,1000,1,0,969.5,700
100,yachting,Single Vehicle Collision,Rear Collision,Minor Damage,Police,SC,YES,0,500,1,0,1463.82,15860
101,exercise,Single Vehicle Collision,Side Collision,Major Damage,Police,WV,YES,0,1000,1,0,1474.17,5280
102,bungie-jumping,Multi-vehicle Collision,Front Collision,Minor Damage,Fire,NC,NO,0,500,3,3,1497.35,3600
103,kayaking,Parked Car,Rear Collision,Minor Damage,Police,WV,NO,0,1000,1,1,1427.14,330
104,basketball,Multi-vehicle Collision,Side Collision,Total Loss,Police,SC,NO,0,500,3,0,1495.1,7790
105,kayaking,Vehicle Theft,Rear Collision,Minor Damage,None,WV,YES,0,500,1,3,1141.62,480
106,basketball,Multi-vehicle Collision,Rear Collision,Major Damage,Police,VA,NO,0,1000,3,2,1125.37,19950
107,camping,Multi-vehicle Collision,Front Collision,Major Damage,Ambulance,WV,NO,0,2000,2,0,1207.36,14840
108,basketball,Single Vehicle Collision,Front Collision,Major Damage,Fire,NY,NO,0,2000,1,0,1338.5,10860
109,chess,Multi-vehicle Collision,Rear Collision,Major Damage,Fire,NY,NO,0,1000,3,3,1074.07,11080
110,video-games,Single Vehicle Collision,Rear Collision,Minor Damage,Police,SC,NO,0,500,1,2,1337.56,14940
111,dancing,Single Vehicle Collision,Front Collision,Major Damage,Fire,NC,YES,6000000,500,1,0,1298.91,7000
112,polo,Multi-vehicle Collision,Rear Collision,Total Loss,Other,WV,NO,0,500,3,0,1222.75,14740
113,camping,Multi-vehicle Collision,Side Collision,Major Damage,Other,VA,NO,0,1000,2,1,1059.52,9620
114,reading,Vehicle Theft,Rear Collision,Minor Damage,None,VA,YES,0,2000,1,1,1124.38,1180
115,hiking,Multi-vehicle Collision,Side Collision,Total Loss,Other,NY,NO,10000000,1000,3,1,1110.37,9540
116,bungie-jumping,Single Vehicle Collision,Rear Collision,Minor Damage,Police,SC,NO,0,2000,1,3,1374.22,9320
117,exercise,Multi-vehicle Collision,Side Collision,Major Damage,Police,NY,NO,0,2000,3,2,1103.58,12800
118,yachting,Single Vehicle Collision,Rear Collision,Minor Damage,Fire,NY,NO,0,2000,1,3,1269.76,9000
119,camping,Multi-vehicle Collision,Rear Collision,Minor Damage,Police,NY,NO,8000000,500,3,1,964.79,6620
120,board-games,Single Vehicle Collision,Side Collision,Minor Damage,Fire,SC,NO,4000000,2000,1,0,1167.3,13860
121,video-games,Single Vehicle Collision,Front Collision,Major Damage,Ambulance,NY,NO,4000000,500,1,1,1625.45,12760
122,skydiving,Single Vehicle Collision,Front Collision,Major Damage,Ambulance,VA,NO,0,500,1,1,1394.43,6160
123,movies,Multi-vehicle Collision,Front Collision,Total Loss,Other,NC,YES,0,2000,4,0,1053.24,17140
124,paintball,Single Vehicle Collision,Rear Collision,Total Loss,Ambulance,WV,YES,0,500,1,1,1040.75,7000
125,dancing,Multi-vehicle Collision,Rear Collision,Total Loss,Ambulance,NY,NO,6000000,1000,3,3,1302.4,9900
126,video-games,Single Vehicle Collision,Side Collision,Total Loss,Other,WV,NO,0,2000,1,0,1588.55,5760
127,exercise,Parked Car,Rear Collision,Minor Damage,Police,PA,NO,0,500,1,0,1399.26,660
128,basketball,Single Vehicle Collision,Front Collision,Major Damage,Fire,NY,YES,0,2000,1,3,1352.31,10640
129,sleeping,Multi-vehicle Collision,Front Collision,Major Damage,Fire,SC,NO,6000000,1000,3,2,1139.0,4970
130,camping,Multi-vehicle Collision,Front Collision,Minor Damage,Other,NY,YES,0,1000,3,2,1397.67,14120
131,paintball,Multi-vehicle Collision,Front Collision,Major Damage,Other,WV,NO,0,500,3,2,823.17,12300
132,exercise,Multi-vehicle Collision,Front Collision,Major Damage,Ambulance,NC,NO,0,500,3,1,965.13,8500
133,skydiving,Single Vehicle Collision,Side Collision,Total Loss,Police,WV,NO,0,1000,1,1,1922.84,9360
134,basketball,Single Vehicle Collision,Side Collision,Minor Damage,Ambulance,WV,NO,0,2000,1,1,1624.82,8680
135,yachting,Single Vehicle Collision,Rear Collision,Major Damage,Police,NY,NO,0,2000,1,2,1277.25,6920
136,exercise,Vehicle Theft,Rear Collision,Minor Damage,Police,VA,NO,0,1000,1,0,1439.34,410
137,golf,Multi-vehicle Collision,Rear Collision,Minor Damage,Fire,SC,NO,0,1000,3,3,1281.27,6550
138,basketball,Multi-vehicle Collision,Rear Collision,Minor Damage,Fire,NC,NO,0,500,3,2,1348.83,6920
139,hiking,Multi-vehicle Collision,Front Collision,Total Loss,Other,VA,NO,0,1000,3,2,1198.15,12260
140,camping,Single Vehicle Collision,Rear Collision,Total Loss,Police,NY,YES,0,2000,1,1,1221.22,4730
141,video-games,Vehicle Theft,Rear Collision,Trivial Damage,None,SC,NO,0,2000,1,3,968.74,940
142,video-games,Parked Car,Rear Collision,Minor Damage,None,SC,NO,0,1000,1,1,1220.71,1260
143,yachting,Single Vehicle Collision,Rear Collision,Major Damage,Ambulance,SC,NO,6000000,2000,1,3,1238.62,14160
144,video-games,Multi-vehicle Collision,Rear Collision,Total Loss,Police,WV,NO,0,2000,3,3,1320.75,5070
145,cross-fit,Single Vehicle Collision,Front Collision,Major Damage,Police,NC,YES,0,500,1,1,990.98,15280
146,polo,Multi-vehicle Collision,Side Collision,Major Damage,Fire,NC,NO,4000000,500,3,0,1398.51,6400
147,golf,Single Vehicle Collision,Front Collision,Minor Damage,Fire,WV,NO,0,500,1,1,1355.08,4730
148,reading,Single Vehicle Collision,Rear Collision,Major Damage,Other,SC,NO,0,1000,1,3,1384.51,8960
149,skydiving,Single Vehicle Collision,Side Collision,Major Damage,Other,SC,NO,0,500,1,0,847.03,17280
150,base-jumping,Single Vehicle Collision,Side Collision,Total Loss,Other,NY,NO,0,1000,1,0,1000.06,15040
151,polo,Multi-vehicle Collision,Rear Collision,Major Damage,Fire,NC,NO,0,1000,3,1,1046.71,5340
152,kayaking,Multi-vehicle Collision,Rear Collision,Total Loss,Police,NY,YES,0,500,3,3,1158.03,9780
153,paintball,Multi-vehicle Collision,Rear Collision,Total Loss,Fire,WV,NO,0,1000,3,3,1372.27,10540
154,reading,Multi-vehicle Collision,Rear Collision,Minor Damage,Ambulance,NC,NO,7000000,1000,3,3,1053.04,9040
155,bungie-jumping,Single Vehicle Collision,Front Collision,Major Damage,Police,NY,YES,0,1000,1,3,1275.39,0
156,exercise,Multi-vehicle Collision,Rear Collision,Minor Damage,Police,NY,NO,0,2000,3,1,1402.75,14420
157,hiking,Parked Car,Rear Collision,Minor Damage,None,WV,NO,7000000,500,1,3,1344.36,650
158,movies,Multi-vehicle Collision,Front Collision,Total Loss,Ambulance,WV,NO,0,1000,3,0,1197.71,13040
159,video-games,Vehicle Theft,Rear Collision,Minor Damage,Police,NY,NO,0,500,1,0,1203.24,620
160,reading,Parked Car,Rear Collision,Minor Damage,Police,VA,YES,0,1000,1,3,1152.4,1680
161,dancing,Single Vehicle Collision,Front Collision,Total Loss,Ambulance,SC,NO,7000000,2000,1,0,1142.62,11700
162,polo,Multi-vehicle Collision,Side Collision,Total Loss,Ambulance,NY,NO,0,1000,2,1,1332.07,13240
163,sleeping,Single Vehicle Collision,Front Collision,Major Damage,Fire,SC,YES,0,1000,1,0,1166.54,21580
164,polo,Multi-vehicle Collision,Rear Collision,Total Loss,Fire,PA,NO,0,500,3,0,1495.06,18180
165,bungie-jumping,Multi-vehicle Collision,Side Collision,Minor Damage,Ambulance,WV,NO,0,1000,3,2,1337.92,5580
166,board-games,Single Vehicle Collision,Rear Collision,Major Damage,Fire,WV,NO,0,2000,1,1,1587.96,12960
167,yachting,Multi-vehicle Collision,Front Collision,Minor Damage,Ambulance,NY,NO,0,1000,3,0,1362.29,6400
168,bungie-jumping,Parked Car,Rear Collision,Trivial Damage,Police,SC,NO,0,500,1,1,1448.84,660
169,movies,Parked Car,Rear Collision,Minor Damage,None,NY,NO,0,2000,1,0,1241.97,670
170,hiking,Multi-vehicle Collision,Rear Collision,Minor Damage,Police,NY,YES,0,500,3,0,1124.6,7960
171,hiking,Single Vehicle Collision,Rear Collision,Total Loss,Ambulance,PA,NO,0,2000,1,1,1079.92,6700
172,board-games,Multi-vehicle Collision,Rear Collision,Total Loss,Other,SC,YES,0,1000,3,0,1447.78,4990
173,kayaking,Multi-vehicle Collision,Front Collision,Major Damage,Fire,PA,NO,4000000,500,3,2,1229.16,7400
174,kayaking,Vehicle Theft,Rear Collision,Trivial Damage,None,WV,NO,0,1000,1,1,1226.49,1220
175,board-games,Single Vehicle Collision,Rear Collision,Minor Damage,Other,PA,NO,6000000,2000,1,0,897.89,15920
176,dancing,Single Vehicle Collision,Front Collision,Minor Damage,Ambulance,OH,NO,0,500,1,1,1706.79,8560
177,kayaking,Single Vehicle Collision,Rear Collision,Minor Damage,Fire,SC,YES,0,1000,1,1,1254.18,11380
178,skydiving,Single Vehicle Collision,Front Collision,Total Loss,Other,WV,YES,0,500,1,1,885.08,13100
179,exercise,Vehicle Theft,Rear Collision,Trivial Damage,None,NY,NO,4000000,500,1,1,1046.58,900
180,basketball,Multi-vehicle Collision,Side Collision,Major Damage,Fire,VA,NO,0,2000,3,0,1712.68,5110
181,reading,Single Vehicle Collision,Side Collision,Minor Damage,Police,SC,YES,0,2000,1,3,1097.71,16800
182,exercise,Single Vehicle Collision,Side Collision,Total Loss,Police,VA,YES,4000000,500,1,3,1363.77,16540
183,cross-fit,Single Vehicle Collision,Rear Collision,Minor Damage,Police,SC,NO,7000000,500,1,1,1382.88,7440
184,sleeping,Single Vehicle Collision,Front Collision,Major Damage,Ambulance,NY,NO,7000000,1000,1,2,1141.35,5490
185,cross-fit,Single Vehicle Collision,Front Collision,Total Loss,Fire,NY,YES,7000000,500,1,3,1054.83,16120
186,bungie-jumping,Multi-vehicle Collision,Front Collision,Total Loss,Ambulance,NC,NO,0,2000,3,1,1057.77,2250
187,exercise,Vehicle Theft,Rear Collision,Minor Damage,Police,NY,YES,0,2000,1,3,1488.02,550
188,hiking,Multi-vehicle Collision,Rear Collision,Major Damage,Other,WV,NO,5000000,500,3,0,920.3,6720
189,polo,Single Vehicle Collision,Rear Collision,Total Loss,Ambulance,VA,NO,0,1000,1,2,986.53,18520
190,movies,Parked Car,Rear Collision,Minor Damage,None,SC,YES,0,2000,1,1,1440.68,980
191,hiking,Single Vehicle Collision,Side Collision,Minor Damage,Police,SC,NO,0,1000,1,2,1086.21,5610
192,basketball,Single Vehicle Collision,Front Collision,Total Loss,Police,SC,NO,0,2000,1,3,1367.68,11100
193,hiking,Vehicle Theft,Rear Collision,Minor Damage,Police,VA,YES,0,1000,1,1,1215.85,640
194,basketball,Multi-vehicle Collision,Rear Collision,Total Loss,Other,VA,NO,4000000,2000,3,1,1191.19,0
195,bungie-jumping,Multi-vehicle Collision,Side Collision,Total Loss,Fire,NC,YES,0,1000,2,3,1594.45,6960
196,skydiving,Vehicle Theft,Rear Collision,Trivial Damage,Police,WV,NO,0,2000,1,1,1463.07,530
197,camping,Parked Car,Rear Collision,Trivial Damage,None,WV,YES,0,500,1,3,1734.09,650
198,bungie-jumping,Single Vehicle Collision,Front Collision,Major Damage,Ambulance,NY,YES,0,500,1,1,1411.43,11880
199,paintball,Vehicle Theft,Rear Collision,Minor Damage,Police,SC,NO,0,2000,1,1,1512.58,280
200,golf,Vehicle Theft,Rear Collision,Trivial Damage,Police,NY,NO,0,2000,1,1,1153.35,960
201,base-jumping,Single Vehicle Collision,Rear Collision,Minor Damage,Fire,WV,NO,0,500,1,0,1722.95,7670
202,board-games,Parked Car,Rear Collision,Trivial Damage,Police,NY,NO,7000000,2000,1,2,1281.07,740
203,paintball,Multi-vehicle Collision,Rear Collision,Major Damage,Fire,SC,YES,0,500,3,3,1011.92,7150
204,kayaking,Multi-vehicle Collision,Rear Collision,Total Loss,Ambulance,WV,NO,0,2000,3,2,1042.26,2120
205,exercise,Single Vehicle Collision,Rear Collision,Minor Damage,Police,SC,NO,0,500,1,1,1235.1,5440
206,chess,Single Vehicle Collision,Rear Collision,Total Loss,Fire,SC,NO,0,2000,1,0,768.91,5980
207,golf,Multi-vehicle Collision,Side Collision,Major Damage,Police,VA,NO,0,500,3,3,1301.72,7200
208,hiking,Multi-vehicle Collision,Side Collision,Total Loss,Police,SC,NO,3000000,500,4,3,1451.54,14460
209,reading,Parked Car,Rear Collision,Trivial Damage,Police,WV,NO,0,500,1,1,767.14,880
210,movies,Vehicle Theft,Rear Collision,Minor Damage,Police,NC,NO,0,2000,1,0,1620.89,1020
211,skydiving,Vehicle Theft,Rear Collision,Trivial Damage,None,OH,NO,0,2000,1,2,1048.46,590
212,yachting,Multi-vehicle Collision,Side Collision,Minor Damage,Ambulance,NY,YES,6000000,1000,3,3,1538.26,4290
213,reading,Multi-vehicle Collision,Side Collision,Major Damage,Other,SC,NO,0,2000,3,0,1217.69,9720
214,cross-fit,Single Vehicle Collision,Side Collision,Total Loss,Other,NC,YES,5000000,2000,1,3,1362.64,13560
215,bungie-jumping,Multi-vehicle Collision,Side Collision,Minor Damage,Ambulance,NC,NO,0,1000,3,2,1279.13,14740
216,base-jumping,Single Vehicle Collision,Front Collision,Minor Damage,Fire,NY,NO,0,2000,1,2,924.72,10520
217,yachting,Vehicle Theft,Rear Collision,Trivial Damage,None,NC,NO,0,1000,1,1,1019.44,720
218,exercise,Single Vehicle Collision,Rear Collision,Total Loss,Other,WV,NO,0,500,1,3,1314.6,6390
219,camping,Multi-vehicle Collision,Side Collision,Minor Damage,Fire,SC,NO,6000000,1000,3,0,1515.18,9260
220,base-jumping,Single Vehicle Collision,Front Collision,Major Damage,Other,NY,YES,0,2000,1,2,1649.18,5580
221,exercise,Single Vehicle Collision,Front Collision,Minor Damage,Ambulance,NY,NO,0,500,1,2,1451.01,5620
222,yachting,Single Vehicle Collision,Side Collision,Total Loss,Fire,NY,YES,0,1000,1,0,978.46,8920
223,board-games,Multi-vehicle Collision,Side Collision,Total Loss,Fire,NY,NO,4000000,500,3,1,1198.34,6340
224,kayaking,Multi-vehicle Collision,Side Collision,Major Damage,Fire,VA,NO,0,2000,3,3,1003.23,12980
225,basketball,Single Vehicle Collision,Front Collision,Total Loss,Ambulance,NY,YES,0,2000,1,1,1212.0,14700
226,paintball,Multi-vehicle Collision,Rear Collision,Minor Damage,Other,NY,YES,7000000,1000,2,0,1242.96,13680
227,bungie-jumping,Single Vehicle Collision,Front Collision,Major Damage,Other,NY,NO,0,1000,1,2,1053.02,4330
228,kayaking,Multi-vehicle Collision,Front Collision,Total Loss,Fire,WV,YES,0,500,3,3,1693.63,6560
229,dancing,Single Vehicle Collision,Rear Collision,Minor Damage,Other,SC,NO,0,1000,1,3,2047.59,7230
230,base-jumping,Single Vehicle Collision,Side Collision,Total Loss,Other,NY,NO,0,1000,1,2,1083.72,4880
231,dancing,Single Vehicle Collision,Side Collision,Minor Damage,Police,SC,NO,6000000,1000,1,3,1138.42,6100
232,exercise,Multi-vehicle Collision,Side Collision,Total Loss,Other,WV,NO,0,500,4,1,1072.62,6910
233,paintball,Multi-vehicle Collision,Rear Collision,Major Damage,Police,OH,NO,0,2000,3,0,1219.04,14500
234,polo,Multi-vehicle Collision,Front Collision,Major Damage,Other,PA,NO,0,2000,3,2,1371.78,10720
235,kayaking,Multi-vehicle Collision,Side Collision,Minor Damage,Fire,NY,NO,0,2000,3,0,1506.21,6380
236,golf,Single Vehicle Collision,Front Collision,Total Loss,Fire,NY,YES,3000000,1000,1,1,1058.21,4570
237,cross-fit,Multi-vehicle Collision,Rear Collision,Total Loss,Fire,SC,NO,0,2000,3,3,932.14,7150
238,reading,Single Vehicle Collision,Side Collision,Major Damage,Other,NY,NO,0,2000,1,1,1608.34,12920
239,dancing,Single Vehicle Collision,Front Collision,Minor Damage,Fire,WV,YES,0,1000,1,1,1728.56,3530
240,cross-fit,Single Vehicle Collision,Front Collision,Major Damage,Fire,SC,NO,0,1000,1,0,1518.46,5350
241,skydiving,Single Vehicle Collision,Front Collision,Major Damage,Other,VA,YES,0,2000,1,0,1540.19,7370
242,camping,Parked Car,Rear Collision,Trivial Damage,None,SC,NO,0,2000,1,1,965.21,630
243,paintball,Multi-vehicle Collision,Rear Collision,Total Loss,Ambulance,NY,NO,0,2000,3,2,1278.75,10900
244,board-games,Vehicle Theft,Rear Collision,Trivial Damage,None,PA,YES,0,1000,1,2,773.99,320
245,golf,Single Vehicle Collision,Rear Collision,Major Damage,Fire,NY,YES,0,1000,1,3,1532.47,15080
246,golf,Single Vehicle Collision,Side Collision,Minor Damage,Fire,NY,YES,0,1000,1,2,1340.56,6460
247,chess,Multi-vehicle Collision,Rear Collision,Total Loss,Ambulance,SC,NO,4000000,500,3,1,1297.75,15180
248,golf,Parked Car,Rear Collision,Minor Damage,None,SC,NO,0,1000,1,3,433.33,590
249,paintball,Single Vehicle Collision,Rear Collision,Major Damage,Fire,NC,NO,0,2000,1,3,1025.54,6410
250,yachting,Multi-vehicle Collision,Rear Collision,Total Loss,Fire,SC,YES,0,500,2,1,1264.77,10080
251,yachting,Multi-vehicle Collision,Side Collision,Major Damage,Police,SC,NO,5000000,500,3,2,1459.97,14700
252,bungie-jumping,Vehicle Theft,Rear Collision,Trivial Damage,Police,WV,YES,0,500,1,1,1238.65,680
253,movies,Single Vehicle Collision,Side Collision,Major Damage,Fire,OH,NO,0,500,1,3,1050.76,5960
254,base-jumping,Multi-vehicle Collision,Rear Collision,Major Damage,Fire,SC,NO,0,1000,3,2,1711.72,11500
255,golf,Multi-vehicle Collision,Side Collision,Major Damage,Ambulance,NY,NO,7000000,500,3,1,865.33,9840
256,base-jumping,Multi-vehicle Collision,Side Collision,Total Loss,Other,SC,YES,0,500,3,0,1153.49,5050
257,cross-fit,Single Vehicle Collision,Side Collision,Major Damage,Police,SC,YES,0,2000,1,1,1281.25,12820
258,base-jumping,Vehicle Theft,Rear Collision,Trivial Damage,Police,NY,YES,0,500,1,3,1342.8,660
259,dancing,Multi-vehicle Collision,Rear Collision,Major Damage,Fire,SC,NO,0,2000,3,2,1443.32,5310
260,skydiving,Parked Car,Rear Collision,Trivial Damage,None,SC,NO,0,1000,1,1,1629.94,350
261,reading,Single Vehicle Collision,Front Collision,Major Damage,Police,NC,NO,0,2000,1,0,1134.08,5900
262,golf,Multi-vehicle Collision,Rear Collision,Major Damage,Ambulance,NY,NO,8000000,500,3,1,1483.91,14120
263,base-jumping,Multi-vehicle Collision,Side Collision,Minor Damage,Police,SC,NO,7000000,2000,3,1,1304.67,11180
264,kayaking,Single Vehicle Collision,Side Collision,Minor Damage,Police,SC,NO,0,2000,1,0,1035.79,10480
265,movies,Vehicle Theft,Rear Collision,Trivial Damage,Police,NC,NO,0,500,1,0,1401.2,1060
266,hiking,Multi-vehicle Collision,Side Collision,Major Damage,Fire,PA,NO,0,1000,3,2,1665.45,5920
267,video-games,Multi-vehicle Collision,Rear Collision,Minor Damage,Fire,SC,NO,0,2000,3,0,653.66,7830
268,reading,Multi-vehicle Collision,Rear Collision,Major Damage,Ambulance,PA,YES,0,500,3,3,1080.13,4610
269,camping,Multi-vehicle Collision,Front Collision,Total Loss,Fire,SC,YES,0,2000,3,3,1346.18,6270
270,camping,Multi-vehicle Collision,Rear Collision,Minor Damage,Police,VA,NO,0,2000,3,0,1589.54,8530
271,camping,Parked Car,Rear Collision,Minor Damage,None,NY,NO,0,1000,1,0,1251.65,280
272,paintball,Multi-vehicle Collision,Front Collision,Major Damage,Police,WV,YES,0,2000,4,0,1083.01,11040
273,skydiving,Multi-vehicle Collision,Rear Collision,Minor Damage,Ambulance,NY,NO,0,500,3,0,974.59,11940
274,skydiving,Multi-vehicle Collision,Front Collision,Minor Damage,Fire,NY,NO,0,2000,3,2,1399.85,10820
275,board-games,Multi-vehicle Collision,Front Collision,Major Damage,Ambulance,SC,NO,0,500,3,1,1307.74,4170
276,paintball,Multi-vehicle Collision,Side Collision,Total Loss,Ambulance,WV,YES,0,2000,3,2,1219.27,7120
277,cross-fit,Single Vehicle Collision,Rear Collision,Minor Damage,Other,PA,NO,0,500,1,0,1411.3,5490
278,exercise,Multi-vehicle Collision,Side Collision,Major Damage,Police,WV,NO,0,2000,3,1,694.45,11700
279,sleeping,Multi-vehicle Collision,Side Collision,Minor Damage,Police,SC,YES,6000000,500,3,1,1006.77,7090
280,movies,Multi-vehicle Collision,Side Collision,Minor Damage,Fire,PA,NO,0,1000,3,3,1422.36,7760
281,cross-fit,Vehicle Theft,Rear Collision,Trivial Damage,Police,NY,NO,0,1000,1,1,1348.32,860
282,video-games,Vehicle Theft,Rear Collision,Minor Damage,Police,SC,YES,0,2000,1,0,1315.56,1240
283,sleeping,Single Vehicle Collision,Rear Collision,Major Damage,Police,WV,NO,5000000,2000,1,2,1407.01,5990
284,basketball,Multi-vehicle Collision,Side Collision,Major Damage,Police,WV,NO,0,2000,3,3,1388.58,13260
285,kayaking,Single Vehicle Collision,Front Collision,Total Loss,Other,VA,YES,0,500,1,1,1310.76,6390
286,hiking,Multi-vehicle Collision,Rear Collision,Total Loss,Ambulance,SC,YES,6000000,1000,3,0,1004.63,11620
287,golf,Vehicle Theft,Rear Collision,Trivial Damage,None,SC,NO,0,500,1,0,1134.91,640
288,movies,Single Vehicle Collision,Rear Collision,Major Damage,Ambulance,SC,YES,0,1000,1,2,1194.0,7420
289,hiking,Parked Car,Rear Collision,Minor Damage,Police,VA,NO,4000000,1000,1,2,1248.25,1460
290,kayaking,Single Vehicle Collision,Side Collision,Major Damage,Ambulance,NC,YES,-1000000,500,1,1,1338.54,17120
291,golf,Multi-vehicle Collision,Front Collision,Total Loss,Ambulance,OH,NO,0,2000,3,2,782.23,11460
292,polo,Multi-vehicle Collision,Rear Collision,Major Damage,Fire,NC,NO,0,2000,3,0,1366.9,10540
293,dancing,Single Vehicle Collision,Side Collision,Minor Damage,Fire,NY,YES,0,1000,1,2,1275.81,15540
294,golf,Multi-vehicle Collision,Rear Collision,Minor Damage,Police,NC,NO,0,500,4,2,1090.65,5340
295,basketball,Single Vehicle Collision,Side Collision,Total Loss,Fire,SC,NO,0,500,1,2,1326.0,12020
296,reading,Multi-vehicle Collision,Front Collision,Minor Damage,Police,PA,YES,0,2000,3,2,972.47,15420
297,dancing,Parked Car,Rear Collision,Trivial Damage,Police,SC,NO,0,500,1,3,806.31,0
298,golf,Parked Car,Rear Collision,Minor Damage,None,WV,YES,0,500,1,0,1416.24,540
299,video-games,Multi-vehicle Collision,Rear Collision,Major Damage,Other,PA,NO,0,2000,2,0,1097.64,21240
300,base-jumping,Vehicle Theft,Rear Collision,Trivial Damage,Police,SC,NO,0,500,1,3,947.75,640
301,yachting,Multi-vehicle Collision,Side Collision,Total Loss,Police,NY,YES,5000000,2000,3,2,1018.73,21630
302,base-jumping,Multi-vehicle Collision,Rear Collision,Major Damage,Police,NC,YES,0,2000,3,2,1400.74,17460
303,camping,Parked Car,Rear Collision,Trivial Damage,Police,NY,NO,5000000,500,1,2,1155.53,630
304,bungie-jumping,Multi-vehicle Collision,Rear Collision,Minor Damage,Other,NY,YES,0,500,3,0,1386.93,6580
305,base-jumping,Single Vehicle Collision,Front Collision,Major Damage,Other,NY,NO,0,500,1,1,915.29,4080
306,kayaking,Single Vehicle Collision,Side Collision,Major Damage,Fire,SC,NO,2000000,500,1,1,1239.55,9600
307,cross-fit,Multi-vehicle Collision,Rear Collision,Total Loss,Fire,SC,NO,0,500,3,2,1366.42,5910
308,hiking,Multi-vehicle Collision,Rear Collision,Total Loss,Other,NY,NO,6000000,1000,3,1,1086.48,7040
309,golf,Multi-vehicle Collision,Side Collision,Total Loss,Fire,NY,NO,0,2000,3,2,1247.87,4570
310,dancing,Multi-vehicle Collision,Rear Collision,Major Damage,Other,SC,NO,0,2000,3,2,1312.75,14680
311,base-jumping,Multi-vehicle Collision,Front Collision,Major Damage,Ambulance,SC,NO,0,2000,3,3,765.64,5700
312,skydiving,Single Vehicle Collision,Side Collision,Total Loss,Other,SC,NO,0,2000,1,0,1327.41,7000
313,board-games,Multi-vehicle Collision,Side Collision,Total Loss,Police,WV,NO,0,1000,3,2,1338.55,6800
314,golf,Multi-vehicle Collision,Side Collision,Minor Damage,Other,SC,YES,8000000,2000,3,0,1316.63,13000
315,bungie-jumping,Single Vehicle Collision,Rear Collision,Minor Damage,Police,WV,NO,0,1000,1,1,1286.44,15100
316,bungie-jumping,Multi-vehicle Collision,Side Collision,Total Loss,Other,WV,NO,0,1000,3,3,1372.18,15100
317,camping,Multi-vehicle Collision,Side Collision,Total Loss,Ambulance,VA,YES,0,2000,3,1,1447.77,10720
318,yachting,Multi-vehicle Collision,Rear Collision,Minor Damage,Police,NY,NO,0,500,3,0,903.32,3170
319,reading,Single Vehicle Collision,Side Collision,Major Damage,Other,NY,YES,0,1000,1,1,1454.42,12380
320,video-games,Single Vehicle Collision,Front Collision,Total Loss,Fire,NY,YES,0,2000,1,2,1603.42,6710
321,polo,Multi-vehicle Collision,Rear Collision,Major Damage,Other,SC,YES,0,2000,3,3,1616.58,12720
322,movies,Single Vehicle Collision,Front Collision,Total Loss,Police,WV,NO,0,500,1,2,1611.83,3280
323,board-games,Multi-vehicle Collision,Rear Collision,Total Loss,Police,PA,NO,0,500,3,2,889.13,4910
324,sleeping,Multi-vehicle Collision,Rear Collision,Major Damage,Other,VA,YES,0,1000,2,2,1252.08,5040
325,sleeping,Multi-vehicle Collision,Side Collision,Total Loss,Police,NY,YES,0,2000,3,1,995.56,8840
326,bungie-jumping,Multi-vehicle Collision,Front Collision,Total Loss,Fire,NY,YES,0,2000,3,2,1347.92,6050
327,yachting,Multi-vehicle Collision,Rear Collision,Minor Damage,Police,NY,YES,0,1000,3,0,1724.09,11960
328,base-jumping,Multi-vehicle Collision,Side Collision,Major Damage,Other,NY,NO,0,500,3,2,1379.93,4710
329,board-games,Single Vehicle Collision,Front Collision,Major Damage,Other,WV,NO,4000000,1000,1,0,1554.64,10120
330,base-jumping,Single Vehicle Collision,Side Collision,Major Damage,Fire,NY,NO,0,1000,1,3,1377.94,4960
331,reading,Multi-vehicle Collision,Front Collision,Major Damage,Ambulance,NY,NO,0,2000,3,3,1313.33,14120
332,base-jumping,Parked Car,Rear Collision,Trivial Damage,None,SC,NO,0,500,1,2,1259.02,940
333,reading,Parked Car,Rear Collision,Trivial Damage,None,VA,NO,0,1000,1,2,1371.88,580
334,hiking,Single Vehicle Collision,Side Collision,Total Loss,Fire,NC,NO,6000000,500,1,0,1399.27,6680
335,camping,Single Vehicle Collision,Rear Collision,Minor Damage,Police,WV,NO,6000000,1000,1,1,1061.98,7250
336,sleeping,Multi-vehicle Collision,Side Collision,Minor Damage,Fire,SC,NO,4000000,500,3,1,1365.46,4920
337,camping,Single Vehicle Collision,Rear Collision,Total Loss,Police,NY,YES,0,1000,1,0,894.4,7810
338,movies,Single Vehicle Collision,Front Collision,Minor Damage,Other,NY,NO,0,500,1,1,956.69,8710
339,video-games,Multi-vehicle Collision,Front Collision,Total Loss,Fire,NY,NO,0,2000,3,3,1123.89,4580
340,cross-fit,Multi-vehicle Collision,Side Collision,Total Loss,Police,VA,YES,0,500,3,2,1085.03,6480
341,movies,Single Vehicle Collision,Rear Collision,Minor Damage,Other,SC,YES,0,2000,1,3,1437.33,12800
342,skydiving,Single Vehicle Collision,Rear Collision,Major Damage,Police,NY,NO,0,1000,1,2,988.29,10520
343,sleeping,Vehicle Theft,Rear Collision,Minor Damage,None,WV,NO,0,500,1,3,1238.89,960
344,board-games,Single Vehicle Collision,Rear Collision,Total Loss,Police,VA,NO,5000000,1000,1,3,1384.64,11100
345,hiking,Single Vehicle Collision,Side Collision,Minor Damage,Police,VA,YES,0,2000,1,2,1595.07,11820
346,skydiving,Single Vehicle Collision,Rear Collision,Minor Damage,Ambulance,WV,YES,6000000,1000,1,0,1127.89,6580
347,base-jumping,Single Vehicle Collision,Front Collision,Total Loss,Other,VA,NO,6000000,2000,1,2,929.7,5270
348,cross-fit,Multi-vehicle Collision,Side Collision,Total Loss,Other,SC,YES,0,1000,3,0,1829.63,6150
349,bungie-jumping,Single Vehicle Collision,Front Collision,Major Damage,Fire,SC,NO,7000000,1000,1,3,904.7,14840
350,polo,Single Vehicle Collision,Side Collision,Minor Damage,Other,VA,YES,0,1000,1,3,1243.84,12980
351,paintball,Multi-vehicle Collision,Rear Collision,Major Damage,Ambulance,NC,NO,0,2000,3,0,1030.95,3590
352,camping,Single Vehicle Collision,Rear Collision,Minor Damage,Fire,VA,NO,3000000,500,1,3,1285.03,10440
353,skydiving,Single Vehicle Collision,Front Collision,Minor Damage,Police,SC,NO,0,500,1,2,1216.56,13000
354,base-jumping,Multi-vehicle Collision,Front Collision,Minor Damage,Ambulance,NY,YES,0,2000,3,0,966.26,6720
355,golf,Single Vehicle Collision,Rear Collision,Total Loss,Fire,WV,NO,0,500,1,0,1203.17,5750
356,paintball,Multi-vehicle Collision,Side Collision,Major Damage,Other,WV,YES,0,2000,3,1,1212.12,5730
357,movies,Multi-vehicle Collision,Side Collision,Minor Damage,Police,NY,YES,0,1000,3,2,1573.93,10840
358,yachting,Single Vehicle Collision,Side Collision,Major Damage,Ambulance,SC,NO,0,1000,1,3,1609.67,13800
359,basketball,Single Vehicle Collision,Side Collision,Total Loss,Other,SC,NO,0,500,1,0,1097.57,6170
360,polo,Multi-vehicle Collision,Rear Collision,Major Damage,Ambulance,OH,YES,2000000,2000,3,1,1618.65,7810
361,paintball,Multi-vehicle Collision,Rear Collision,Major Damage,Ambulance,SC,YES,0,500,3,1,922.67,9360
362,polo,Parked Car,Rear Collision,Trivial Damage,None,VA,YES,0,1000,1,2,1342.02,450
363,reading,Multi-vehicle Collision,Side Collision,Major Damage,Other,WV,NO,0,500,3,2,1195.01,6100
364,polo,Parked Car,Rear Collision,Minor Damage,Police,SC,NO,0,1000,1,2,994.74,620
365,chess,Parked Car,Rear Collision,Minor Damage,None,NC,NO,0,1000,1,0,1050.24,720
366,dancing,Vehicle Theft,Rear Collision,Trivial Damage,None,SC,NO,7000000,2000,1,0,1313.51,280
367,hiking,Single Vehicle Collision,Front Collision,Minor Damage,Ambulance,VA,NO,0,2000,1,0,1102.29,6000
368,yachting,Single Vehicle Collision,Side Collision,Minor Damage,Police,NC,NO,0,1000,1,2,1185.78,8900
369,hiking,Multi-vehicle Collision,Rear Collision,Major Damage,Other,WV,YES,0,500,4,1,1527.95,15560
370,exercise,Multi-vehicle Collision,Front Collision,Major Damage,Other,NC,YES,0,1000,3,1,1366.39,5840
371,dancing,Multi-vehicle Collision,Side Collision,Total Loss,Police,VA,NO,0,1000,2,2,1403.9,8020
372,video-games,Single Vehicle Collision,Front Collision,Total Loss,Other,SC,NO,0,2000,1,3,927.23,6760
373,base-jumping,Parked Car,Rear Collision,Minor Damage,None,WV,YES,6000000,2000,1,2,1554.86,680
374,chess,Multi-vehicle Collision,Side Collision,Minor Damage,Police,SC,NO,6000000,2000,4,0,736.07,10380
375,reading,Multi-vehicle Collision,Front Collision,Total Loss,Other,NY,NO,6000000,1000,3,0,974.16,4860
376,exercise,Single Vehicle Collision,Rear Collision,Major Damage,Ambulance,WV,NO,0,500,1,0,973.8,6620
377,polo,Single Vehicle Collision,Side Collision,Total Loss,Fire,VA,NO,6000000,2000,1,2,1260.32,4550
378,sleeping,Multi-vehicle Collision,Side Collision,Minor Damage,Ambulance,NY,NO,0,1000,3,0,1464.03,4420
379,reading,Multi-vehicle Collision,Front Collision,Major Damage,Other,VA,NO,0,2000,3,2,617.11,5080
380,sleeping,Multi-vehicle Collision,Side Collision,Total Loss,Police,SC,NO,6000000,2000,3,3,1724.46,4420
381,base-jumping,Single Vehicle Collision,Front Collision,Minor Damage,Police,SC,YES,0,500,1,3,1161.31,5720
382,golf,Multi-vehicle Collision,Rear Collision,Minor Damage,Other,NY,NO,0,2000,3,2,1091.73,5550
383,chess,Single Vehicle Collision,Rear Collision,Minor Damage,Ambulance,NC,YES,0,2000,1,1,1209.07,6270
384,board-games,Single Vehicle Collision,Front Collision,Minor Damage,Police,NY,NO,0,2000,1,2,1241.04,18220
385,base-jumping,Multi-vehicle Collision,Front Collision,Minor Damage,Fire,NY,NO,0,500,3,0,1757.21,5460
386,paintball,Single Vehicle Collision,Side Collision,Major Damage,Ambulance,WV,NO,0,1000,1,1,802.24,5570
387,camping,Single Vehicle Collision,Front Collision,Total Loss,Other,NY,NO,0,1000,1,2,1342.72,6940
388,base-jumping,Multi-vehicle Collision,Side Collision,Total Loss,Other,NY,YES,5000000,2000,3,1,1209.41,11420
389,sleeping,Single Vehicle Collision,Front Collision,Major Damage,Ambulance,WV,YES,2000000,1000,1,2,1141.71,6770
390,golf,Single Vehicle Collision,Rear Collision,Major Damage,Ambulance,WV,YES,0,500,1,2,1090.03,4840
391,golf,Multi-vehicle Collision,Side Collision,Total Loss,Fire,NY,NO,3000000,1000,3,0,1464.73,5720
392,board-games,Multi-vehicle Collision,Rear Collision,Total Loss,Fire,NY,NO,0,1000,3,1,1118.58,10340
393,video-games,Multi-vehicle Collision,Front Collision,Total Loss,Other,WV,NO,0,2000,3,2,1117.04,5460
394,reading,Multi-vehicle Collision,Rear Collision,Major Damage,Other,OH,NO,7000000,500,4,2,1257.83,9540
395,video-games,Vehicle Theft,Rear Collision,Minor Damage,None,SC,YES,0,2000,1,0,1082.72,580
396,exercise,Single Vehicle Collision,Side Collision,Major Damage,Other,NY,NO,6000000,1000,1,0,1191.8,12220
397,dancing,Single Vehicle Collision,Front Collision,Minor Damage,Fire,VA,YES,0,1000,1,2,1242.02,7490
398,dancing,Vehicle Theft,Rear Collision,Trivial Damage,Police,WV,NO,0,500,1,1,1075.71,290
399,exercise,Single Vehicle Collision,Rear Collision,Minor Damage,Ambulance,NY,NO,6000000,1000,1,0,969.88,6410
400,video-games,Multi-vehicle Collision,Front Collision,Total Loss,Police,WV,YES,0,2000,2,3,1459.93,14180
401,base-jumping,Single Vehicle Collision,Front Collision,Total Loss,Fire,NY,YES,0,1000,1,0,1245.61,9180
402,skydiving,Multi-vehicle Collision,Rear Collision,Major Damage,Ambulance,NY,YES,0,2000,3,0,1462.76,4080
403,skydiving,Single Vehicle Collision,Side Collision,Minor Damage,Ambulance,NC,NO,0,2000,1,2,1398.46,15060
404,cross-fit,Single Vehicle Collision,Front Collision,Minor Damage,Other,SC,NO,0,1000,1,3,1269.64,15360
405,skydiving,Multi-vehicle Collision,Side Collision,Total Loss,Fire,WV,NO,4000000,500,3,3,1455.65,7980
406,exercise,Multi-vehicle Collision,Rear Collision,Minor Damage,Police,WV,NO,0,2000,3,3,1140.31,9640
407,sleeping,Multi-vehicle Collision,Side Collision,Total Loss,Police,VA,NO,0,500,3,0,1330.46,4400
408,camping,Single Vehicle Collision,Rear Collision,Minor Damage,Fire,OH,NO,0,2000,1,3,1190.6,7860
409,cross-fit,Vehicle Theft,Rear Collision,Trivial Damage,None,NC,NO,0,500,1,3,972.5,580
410,polo,Parked Car,Rear Collision,Minor Damage,None,WV,NO,0,2000,1,3,1161.91,650
411,video-games,Parked Car,Rear Collision,Trivial Damage,Police,SC,YES,0,1000,1,0,1117.17,1240
412,camping,Multi-vehicle Collision,Front Collision,Minor Damage,Fire,NY,NO,0,2000,3,2,1101.51,11580
413,movies,Multi-vehicle Collision,Front Collision,Major Damage,Fire,PA,NO,0,1000,3,2,1523.17,15760
414,paintball,Vehicle Theft,Rear Collision,Minor Damage,None,NC,YES,0,1000,1,2,984.45,780
415,basketball,Single Vehicle Collision,Front Collision,Total Loss,Other,WV,NO,4000000,2000,1,3,1257.0,11140
416,bungie-jumping,Single Vehicle Collision,Rear Collision,Total Loss,Police,NY,NO,0,500,1,2,1434.51,8930
417,exercise,Single Vehicle Collision,Rear Collision,Total Loss,Ambulance,NY,YES,0,2000,1,2,1628.0,5560
418,board-games,Vehicle Theft,Rear Collision,Trivial Damage,Police,NC,NO,0,500,1,3,1412.31,500
419,paintball,Single Vehicle Collision,Side Collision,Minor Damage,Other,NY,NO,5000000,500,1,0,1362.87,14740
420,chess,Single Vehicle Collision,Rear Collision,Major Damage,Ambulance,SC,NO,0,1000,1,2,1134.68,13860
421,video-games,Single Vehicle Collision,Front Collision,Total Loss,Ambulance,SC,NO,0,1000,1,0,1306.78,20280
422,hiking,Single Vehicle Collision,Front Collision,Major Damage,Other,WV,NO,0,500,1,0,1021.9,14040
423,kayaking,Single Vehicle Collision,Side Collision,Minor Damage,Fire,SC,NO,0,1000,1,0,1538.6,12120
424,base-jumping,Multi-vehicle Collision,Front Collision,Major Damage,Ambulance,NY,NO,0,1000,3,3,1354.5,12960
425,basketball,Multi-vehicle Collision,Side Collision,Major Damage,Police,WV,NO,0,500,4,0,1282.93,12160
426,cross-fit,Single Vehicle Collision,Front Collision,Total Loss,Ambulance,WV,NO,0,1000,1,2,1346.27,5820
427,polo,Single Vehicle Collision,Side Collision,Minor Damage,Police,NC,NO,4000000,1000,1,0,1338.4,6730
428,camping,Multi-vehicle Collision,Rear Collision,Major Damage,Ambulance,NC,NO,0,1000,3,0,949.44,8710
429,bungie-jumping,Single Vehicle Collision,Front Collision,Total Loss,Fire,NY,YES,0,2000,1,3,977.4,11140
430,sleeping,Multi-vehicle Collision,Front Collision,Total Loss,Ambulance,OH,YES,10000000,2000,4,2,1181.46,5670
431,yachting,Multi-vehicle Collision,Side Collision,Total Loss,Other,VA,NO,0,500,3,0,1187.53,0
432,base-jumping,Single Vehicle Collision,Front Collision,Major Damage,Police,NC,YES,0,1000,1,0,845.16,6130
433,exercise,Single Vehicle Collision,Front Collision,Minor Damage,Other,NY,NO,0,500,1,3,1442.27,5850
434,skydiving,Single Vehicle Collision,Rear Collision,Major Damage,Fire,NC,NO,0,2000,1,3,1276.43,6660
435,reading,Single Vehicle Collision,Side Collision,Total Loss,Police,PA,NO,0,500,1,0,1075.41,7340
436,bungie-jumping,Single Vehicle Collision,Side Collision,Major Damage,Fire,PA,NO,0,500,1,2,1111.72,4650
437,chess,Parked Car,Rear Collision,Trivial Damage,Police,NC,NO,6000000,2000,1,2,814.96,1280
438,sleeping,Vehicle Theft,Rear Collision,Trivial Damage,Police,WV,NO,0,1000,1,1,1575.86,290
439,polo,Parked Car,Rear Collision,Trivial Damage,None,VA,YES,0,1000,1,1,1115.27,590
440,yachting,Single Vehicle Collision,Rear Collision,Total Loss,Fire,NY,NO,0,2000,1,2,1175.7,6370
441,board-games,Multi-vehicle Collision,Front Collision,Total Loss,Other,WV,NO,0,500,3,3,793.15,13660
442,exercise,Single Vehicle Collision,Side Collision,Major Damage,Fire,SC,YES,0,500,1,0,942.51,19200
443,paintball,Parked Car,Rear Collision,Minor Damage,None,VA,NO,0,1000,1,1,1056.71,580
444,reading,Parked Car,Rear Collision,Minor Damage,None,NC,NO,6000000,2000,1,0,1255.68,1480
445,chess,Single Vehicle Collision,Rear Collision,Total Loss,Police,SC,YES,0,500,1,1,1335.13,6090
446,dancing,Single Vehicle Collision,Rear Collision,Total Loss,Fire,NY,YES,6000000,500,1,3,1178.95,9880
447,exercise,Single Vehicle Collision,Front Collision,Minor Damage,Fire,NC,YES,0,500,1,2,1793.16,6250
448,yachting,Single Vehicle Collision,Front Collision,Total Loss,Ambulance,SC,NO,0,500,1,0,1008.38,6150
449,reading,Multi-vehicle Collision,Rear Collision,Major Damage,Ambulance,WV,NO,0,500,4,3,1396.83,13980
450,base-jumping,Single Vehicle Collision,Rear Collision,Minor Damage,Ambulance,NY,YES,5000000,500,1,1,1402.78,12460
451,reading,Single Vehicle Collision,Side Collision,Total Loss,Fire,SC,NO,0,1000,1,0,1437.88,0
452,board-games,Parked Car,Rear Collision,Trivial Damage,None,NY,YES,0,1000,1,0,1313.64,390
453,reading,Multi-vehicle Collision,Rear Collision,Total Loss,Other,NY,NO,0,500,3,1,1482.14,6750
454,board-games,Single Vehicle Collision,Side Collision,Minor Damage,Other,NY,NO,0,2000,1,3,1171.75,4430
455,video-games,Multi-vehicle Collision,Front Collision,Minor Damage,Police,WV,YES,0,2000,3,0,1353.33,17300
456,yachting,Vehicle Theft,Rear Collision,Minor Damage,Police,NY,NO,0,500,1,1,1175.51,680
457,movies,Single Vehicle Collision,Side Collision,Major Damage,Ambulance,NC,NO,0,2000,1,1,1836.02,6650
458,board-games,Single Vehicle Collision,Side Collision,Total Loss,Other,NC,YES,9000000,500,1,2,1480.79,17260
459,yachting,Single Vehicle Collision,Side Collision,Minor Damage,Ambulance,NY,YES,0,2000,1,3,1453.92,7950
460,base-jumping,Single Vehicle Collision,Rear Collision,Minor Damage,Other,SC,NO,0,500,1,2,1340.71,13860
461,board-games,Single Vehicle Collision,Side Collision,Minor Damage,Ambulance,WV,YES,0,2000,1,2,714.03,9920
462,hiking,Multi-vehicle Collision,Front Collision,Major Damage,Police,SC,NO,0,2000,3,1,1376.16,5970
463,golf,Multi-vehicle Collision,Side Collision,Total Loss,Police,NY,NO,0,500,3,0,914.22,7690
464,skydiving,Multi-vehicle Collision,Front Collision,Total Loss,Other,SC,YES,0,1000,3,2,1601.47,6850
465,dancing,Single Vehicle Collision,Rear Collision,Major Damage,Police,VA,NO,6000000,1000,1,1,1096.79,8140
466,camping,Multi-vehicle Collision,Side Collision,Major Damage,Fire,SC,NO,0,2000,3,1,1078.22,5310
467,exercise,Multi-vehicle Collision,Side Collision,Major Damage,Ambulance,VA,NO,0,1000,3,0,1595.28,3510
468,yachting,Multi-vehicle Collision,Front Collision,Minor Damage,Fire,WV,NO,5000000,1000,3,2,1217.84,9600
469,kayaking,Multi-vehicle Collision,Side Collision,Minor Damage,Fire,NC,NO,0,2000,3,2,1117.42,11820
470,skydiving,Single Vehicle Collision,Front Collision,Major Damage,Other,NY,NO,0,2000,1,3,1567.37,11660
471,video-games,Multi-vehicle Collision,Front Collision,Minor Damage,Ambulance,WV,YES,6000000,2000,3,2,1294.93,0
472,hiking,Multi-vehicle Collision,Side Collision,Total Loss,Ambulance,WV,NO,0,1000,3,0,1152.12,15080
473,kayaking,Vehicle Theft,Rear Collision,Trivial Damage,None,SC,NO,0,1000,1,0,1441.21,1180
474,chess,Parked Car,Rear Collision,Minor Damage,Police,PA,NO,7000000,1000,1,2,1575.74,1180
475,golf,Multi-vehicle Collision,Side Collision,Total Loss,Police,NC,NO,0,2000,3,1,1233.96,5590
476,polo,Single Vehicle Collision,Rear Collision,Major Damage,Other,SC,NO,0,1000,1,3,1861.43,6380
477,cross-fit,Single Vehicle Collision,Side Collision,Total Loss,Police,VA,NO,0,1000,1,1,1570.86,7270
478,chess,Vehicle Theft,Rear Collision,Minor Damage,Police,NC,NO,0,2000,1,2,791.47,1260
479,yachting,Single Vehicle Collision,Front Collision,Major Damage,Fire,WV,NO,0,1000,1,1,1012.78,19020
480,sleeping,Multi-vehicle Collision,Rear Collision,Major Damage,Fire,SC,NO,6000000,500,3,2,1047.06,6350
481,polo,Single Vehicle Collision,Rear Collision,Minor Damage,Fire,PA,NO,0,1000,1,0,1390.29,6290
482,golf,Multi-vehicle Collision,Front Collision,Major Damage,Other,WV,NO,0,500,3,3,951.46,6630
483,camping,Multi-vehicle Collision,Rear Collision,Minor Damage,Other,NY,YES,0,1000,2,0,1226.78,8150
484,video-games,Single Vehicle Collision,Rear Collision,Minor Damage,Ambulance,NC,NO,0,500,1,0,1280.9,5000
485,exercise,Single Vehicle Collision,Front Collision,Total Loss,Other,NY,NO,0,2000,1,1,1472.77,8780
486,golf,Single Vehicle Collision,Rear Collision,Total Loss,Fire,VA,NO,0,1000,1,0,1878.44,5370
487,yachting,Multi-vehicle Collision,Rear Collision,Minor Damage,Police,NY,NO,0,500,3,0,1418.5,6330
488,exercise,Single Vehicle Collision,Side Collision,Total Loss,Other,SC,NO,0,500,1,3,1532.8,11960
489,cross-fit,Multi-vehicle Collision,Front Collision,Total Loss,Ambulance,NY,NO,0,500,3,2,1304.35,11600
490,movies,Vehicle Theft,Rear Collision,Minor Damage,None,WV,YES,0,2000,1,1,1551.61,250
491,reading,Multi-vehicle Collision,Front Collision,Minor Damage,Ambulance,VA,YES,6000000,1000,3,3,1326.98,9020
492,camping,Multi-vehicle Collision,Side Collision,Major Damage,Other,NY,NO,0,500,3,2,862.92,11580
493,reading,Single Vehicle Collision,Rear Collision,Minor Damage,Police,NY,NO,0,2000,1,2,1331.69,10300
494,board-games,Multi-vehicle Collision,Rear Collision,Major Damage,Other,OH,NO,0,2000,3,3,1486.04,6410
495,camping,Single Vehicle Collision,Rear Collision,Minor Damage,Other,SC,NO,0,1000,1,3,870.55,13380
496,hiking,Vehicle Theft,Rear Collision,Trivial Damage,Police,NY,NO,6000000,2000,1,2,1344.56,0
497,base-jumping,Multi-vehicle Collision,Rear Collision,Minor Damage,Ambulance,NY,NO,0,1000,4,1,1377.04,6620
498,exercise,Single Vehicle Collision,Front Collision,Major Damage,Police,NY,NO,0,500,1,0,1237.88,5780
499,camping,Single Vehicle Collision,Side Collision,Minor Damage,Other,NC,YES,0,1000,1,1,1525.86,6670
500,sleeping,Single Vehicle Collision,Side Collision,Major Damage,None,NY,NO,0,500,1,0,500.01,2
