,incident_type,incident_severity,authorities_contacted,incident_state,policy_annual_premium,property_claim,policy_deductable,umbrella_limit,number_of_vehicles_involved,bodily_injuries,witnesses,fraud_reported
0,Single Vehicle Collision,Major Damage,Police,SC,1406.91,13020,1000,0,1,1,2,Y
1,Vehicle Theft,Minor Damage,Police,VA,1197.22,780,2000,5000000,1,0,0,Y
2,Multi-vehicle Collision,Minor Damage,Police,NY,1413.14,3850,2000,5000000,3,2,3,N
3,Single Vehicle Collision,Major Damage,Police,OH,1415.74,6340,2000,6000000,1,1,2,Y
4,Vehicle Theft,Minor Damage,None,NY,1583.91,650,1000,6000000,1,0,1,N
5,Multi-vehicle Collision,Major Damage,Fire,SC,1351.1,6410,1000,0,3,0,2,Y
6,Multi-vehicle Collision,Minor Damage,Police,NY,1333.35,7150,1000,0,3,0,0,N
7,Multi-vehicle Collision,Total Loss,Police,VA,1137.03,9380,1000,0,3,2,2,N
8,Single Vehicle Collision,Total Loss,Police,WV,1442.99,2770,500,0,1,1,1,N
9,Single Vehicle Collision,Total Loss,Other,NC,1315.68,4700,500,0,1,2,1,N
10,Single Vehicle Collision,Total Loss,Police,NY,1253.12,15820,500,4000000,1,2,2,N
11,Multi-vehicle Collision,Major Damage,Fire,SC,1137.16,17680,2000,0,3,1,2,N
12,Single Vehicle Collision,Total Loss,Ambulance,SC,1215.36,9420,500,3000000,1,1,0,N
13,Parked Car,Minor Damage,None,SC,936.61,1120,1000,0,1,1,1,N
14,Single Vehicle Collision,Total Loss,Police,SC,1301.13,8400,2000,0,1,0,2,Y
15,Multi-vehicle Collision,Major Damage,Other,WV,1131.4,10520,2000,0,4,0,0,Y
16,Multi-vehicle Collision,Major Damage,Other,NY,1199.44,5790,1000,5000000,3,1,2,N
17,Single Vehicle Collision,Total Loss,Police,WV,708.64,7080,500,6000000,1,0,2,N
18,Single Vehicle Collision,Total Loss,Other,NY,1374.22,13260,500,0,1,1,0,N
19,Multi-vehicle Collision,Major Damage,Police,VA,1475.73,6040,2000,0,3,2,0,N
20,Multi-vehicle Collision,Minor Damage,Police,NY,1187.96,5240,1000,4000000,3,1,0,N
21,Multi-vehicle Collision,Total Loss,Police,SC,875.15,4730,2000,0,3,1,2,N
22,Multi-vehicle Collision,Major Damage,Ambulance,SC,972.18,5960,2000,0,3,0,0,Y
23,Single Vehicle Collision,Total Loss,Ambulance,WV,1268.79,16360,2000,0,1,2,2,Y
24,Single Vehicle Collision,Minor Damage,Other,VA,883.31,14160,1000,0,1,1,3,N
25,Multi-vehicle Collision,Major Damage,Other,OH,1266.92,11000,2000,0,3,1,3,Y
26,Parked Car,Minor Damage,Police,PA,1322.1,820,2000,0,1,1,3,N
27,Vehicle Theft,Minor Damage,None,VA,848.07,520,500,3000000,1,2,1,Y
28,Single Vehicle Collision,Minor Damage,Other,SC,1291.7,15520,2000,0,1,1,0,N
29,Single Vehicle Collision,Minor Damage,Police,SC,1104.5,14100,2000,0,1,2,2,N
30,Multi-vehicle Collision,Major Damage,Ambulance,SC,954.16,12600,1000,0,4,0,0,N
31,Multi-vehicle Collision,Major Damage,Police,WV,1337.28,7460,2000,8000000,3,2,2,Y
32,Multi-vehicle Collision,Total Loss,Police,NY,1088.34,3310,1000,0,3,2,3,N
33,Multi-vehicle Collision,Major Damage,Ambulance,NY,1558.29,14020,1000,0,3,1,2,N
34,Single Vehicle Collision,Total Loss,Fire,WV,1415.68,5400,500,0,1,0,1,N
35,Single Vehicle Collision,Major Damage,Other,WV,1334.15,5310,1000,6000000,1,2,0,Y
36,Single Vehicle Collision,Total Loss,Police,NY,988.45,6020,1000,0,1,1,1,Y
37,Parked Car,Minor Damage,None,WV,1222.48,820,2000,0,1,1,1,N
38,Multi-vehicle Collision,Major Damage,Police,NY,1155.55,6230,2000,0,3,2,0,N
39,Single Vehicle Collision,Major Damage,Ambulance,NC,1262.08,10940,500,0,1,0,3,Y
40,Single Vehicle Collision,Minor Damage,Ambulance,WV,1451.62,4000,500,0,1,2,2,N
41,Single Vehicle Collision,Major Damage,Police,WV,1737.66,16180,500,0,1,1,1,Y
42,Multi-vehicle Collision,Minor Damage,Other,SC,1475.93,5740,500,0,3,1,0,N
43,Single Vehicle Collision,Total Loss,Other,NC,538.17,5680,500,0,1,2,2,N
44,Single Vehicle Collision,Minor Damage,Other,SC,1081.08,11280,2000,0,1,0,2,N
45,Multi-vehicle Collision,Total Loss,Other,NY,1454.43,0,1000,0,3,2,3,N
46,Multi-vehicle Collision,Total Loss,Fire,NC,1240.47,14020,500,0,3,1,1,N
47,Multi-vehicle Collision,Major Damage,Fire,WV,1273.7,6280,2000,4000000,3,2,1,Y
48,Vehicle Theft,Trivial Damage,Police,NY,1123.87,810,1000,8000000,1,2,0,N
49,Single Vehicle Collision,Total Loss,Other,WV,1245.89,7660,1000,0,1,0,0,N
50,Multi-vehicle Collision,Minor Damage,Fire,NY,1326.62,8180,2000,7000000,3,0,3,N
51,Vehicle Theft,Trivial Damage,None,NY,1073.83,660,2000,0,1,1,2,N
52,Vehicle Theft,Minor Damage,None,WV,1530.52,430,1000,0,1,2,1,N
53,Multi-vehicle Collision,Major Damage,Police,NC,1201.41,12820,500,0,3,1,0,N
54,Parked Car,Minor Damage,Police,VA,1393.57,480,1000,0,1,0,1,N
55,Single Vehicle Collision,Minor Damage,Fire,NY,1276.57,7890,1000,0,1,1,2,N
56,Multi-vehicle Collision,Major Damage,Fire,SC,1082.49,6270,500,0,3,2,3,N
57,Parked Car,Minor Damage,None,VA,1414.74,300,1000,0,1,1,3,N
58,Single Vehicle Collision,Total Loss,Ambulance,WV,1470.06,7310,2000,0,1,0,1,N
59,Multi-vehicle Collision,Minor Damage,Police,VA,870.63,5720,2000,0,3,1,1,N
60,Multi-vehicle Collision,Major Damage,Police,NY,795.23,0,500,0,3,2,1,Y
61,Multi-vehicle Collision,Total Loss,Other,OH,1168.2,3690,1000,0,3,0,3,N
62,Single Vehicle Collision,Minor Damage,Other,WV,993.51,11260,1000,0,1,0,3,N
63,Multi-vehicle Collision,Major Damage,Fire,WV,1848.81,5710,500,0,3,2,2,Y
64,Multi-vehicle Collision,Total Loss,Fire,VA,1641.73,6570,2000,5000000,3,0,0,Y
65,Multi-vehicle Collision,Minor Damage,Ambulance,NY,1362.87,6860,500,0,3,2,2,Y
66,Single Vehicle Collision,Minor Damage,Fire,SC,1239.22,13800,500,7000000,1,0,1,Y
67,Multi-vehicle Collision,Minor Damage,Fire,WV,835.02,3770,500,0,3,1,1,N
68,Single Vehicle Collision,Major Damage,Ambulance,WV,1061.33,6230,1000,0,1,0,3,N
69,Parked Car,Minor Damage,None,NC,1279.08,860,1000,0,1,0,1,N
70,Multi-vehicle Collision,Major Damage,Other,SC,1105.49,6210,500,0,2,2,3,Y
71,Single Vehicle Collision,Total Loss,Other,WV,1055.53,6810,2000,0,1,0,2,Y
72,Single Vehicle Collision,Minor Damage,Ambulance,NC,895.83,0,1000,0,1,1,2,N
73,Multi-vehicle Collision,Minor Damage,Fire,SC,1632.93,4760,500,0,3,2,0,N
74,Multi-vehicle Collision,Minor Damage,Ambulance,VA,1405.99,4770,1000,0,3,1,0,N
75,Multi-vehicle Collision,Total Loss,Ambulance,SC,1425.54,5690,1000,0,3,2,0,N
76,Multi-vehicle Collision,Minor Damage,Fire,NY,1038.09,7450,1000,0,3,1,1,N
77,Multi-vehicle Collision,Total Loss,Police,WV,1307.11,10860,500,0,3,0,2,N
78,Vehicle Theft,Minor Damage,None,SC,1489.24,1240,1000,6000000,1,2,2,N
79,Single Vehicle Collision,Major Damage,Fire,SC,976.67,7220,500,0,1,1,2,Y
80,Multi-vehicle Collision,Minor Damage,Ambulance,NC,1340.43,10160,2000,0,3,1,2,N
81,Vehicle Theft,Trivial Damage,None,NC,1267.81,1320,2000,5000000,1,2,1,N
82,Vehicle Theft,Minor Damage,Police,NY,1234.2,1500,1000,6000000,1,2,2,N
83,Vehicle Theft,Trivial Damage,None,VA,1318.06,1180,2000,0,1,0,3,N
84,Multi-vehicle Collision,Major Damage,Ambulance,NY,769.95,11080,2000,0,2,2,3,Y
85,Multi-vehicle Collision,Major Damage,Fire,NY,1514.72,11660,2000,0,3,0,1,N
86,Multi-vehicle Collision,Minor Damage,Other,SC,873.64,11400,1000,4000000,3,2,1,N
87,Single Vehicle Collision,Total Loss,Fire,VA,1612.43,11680,500,0,1,2,1,N
88,Parked Car,Trivial Damage,None,WV,1318.24,470,2000,9000000,1,0,1,N
89,Multi-vehicle Collision,Major Damage,Other,SC,1226.83,5640,1000,0,3,2,0,Y
90,Multi-vehicle Collision,Total Loss,Fire,SC,1326.44,10300,2000,5000000,2,1,1,N
91,Single Vehicle Collision,Major Damage,Police,NY,1136.83,17880,2000,4000000,1,0,3,Y
92,Parked Car,Trivial Damage,None,WV,1322.78,590,2000,0,1,0,1,N
93,Multi-vehicle Collision,Major Damage,Ambulance,NC,1483.25,11780,1000,0,3,1,1,N
94,Multi-vehicle Collision,Total Loss,Ambulance,SC,1515.3,8520,500,0,3,1,0,N
95,Vehicle Theft,Minor Damage,None,OH,1075.18,630,2000,5000000,1,2,0,N
96,Single Vehicle Collision,Major Damage,Fire,VA,1690.27,6630,1000,0,1,0,3,Y
97,Multi-vehicle Collision,Minor Damage,Other,SC,1352.83,7210,2000,0,4,1,2,Y
98,Parked Car,Trivial Damage,None,WV,1148.73,900,1000,0,1,1,2,N
99,Vehicle Theft,Trivial Damage,None,NC,969.5,700,1000,0,1,0,0,N
100,Single Vehicle Collision,Minor Damage,Police,SC,1463.82,15860,500,0,1,0,0,N
101,Single Vehicle Collision,Major Damage,Police,WV,1474.17,5280,1000,0,1,1,0,N
102,Multi-vehicle Collision,Minor Damage,Fire,NC,1497.35,3600,500,0,3,2,3,N
103,Parked Car,Minor Damage,Police,WV,1427.14,330,1000,0,1,1,1,N
104,Multi-vehicle Collision,Total Loss,Police,SC,1495.1,7790,500,0,3,0,0,N
105,Vehicle Theft,Minor Damage,None,WV,1141.62,480,500,0,1,1,3,N
106,Multi-vehicle Collision,Major Damage,Police,VA,1125.37,19950,1000,0,3,0,2,Y
107,Multi-vehicle Collision,Major Damage,Ambulance,WV,1207.36,14840,2000,0,2,1,0,N
108,Single Vehicle Collision,Major Damage,Fire,NY,1338.5,10860,2000,0,1,0,0,Y
109,Multi-vehicle Collision,Major Damage,Fire,NY,1074.07,11080,1000,0,3,0,3,Y
110,Single Vehicle Collision,Minor Damage,Police,SC,1337.56,14940,500,0,1,1,2,N
111,Single Vehicle Collision,Major Damage,Fire,NC,1298.91,7000,500,6000000,1,0,0,Y
112,Multi-vehicle Collision,Total Loss,Other,WV,1222.75,14740,500,0,3,2,0,N
113,Multi-vehicle Collision,Major Damage,Other,VA,1059.52,9620,1000,0,2,1,1,N
114,Vehicle Theft,Minor Damage,None,VA,1124.38,1180,2000,0,1,1,1,N
115,Multi-vehicle Collision,Total Loss,Other,NY,1110.37,9540,1000,10000000,3,0,1,Y
116,Single Vehicle Collision,Minor Damage,Police,SC,1374.22,9320,2000,0,1,0,3,N
117,Multi-vehicle Collision,Major Damage,Police,NY,1103.58,12800,2000,0,3,2,2,Y
118,Single Vehicle Collision,Minor Damage,Fire,NY,1269.76,9000,2000,0,1,1,3,N
119,Multi-vehicle Collision,Minor Damage,Police,NY,964.79,6620,500,8000000,3,0,1,N
120,Single Vehicle Collision,Minor Damage,Fire,SC,1167.3,13860,2000,4000000,1,2,0,N
121,Single Vehicle Collision,Major Damage,Ambulance,NY,1625.45,12760,500,4000000,1,2,1,Y
122,Single Vehicle Collision,Major Damage,Ambulance,VA,1394.43,6160,500,0,1,0,1,Y
123,Multi-vehicle Collision,Total Loss,Other,NC,1053.24,17140,2000,0,4,1,0,N
124,Single Vehicle Collision,Total Loss,Ambulance,WV,1040.75,7000,500,0,1,1,1,N
125,Multi-vehicle Collision,Total Loss,Ambulance,NY,1302.4,9900,1000,6000000,3,2,3,N
126,Single Vehicle Collision,Total Loss,Other,WV,1588.55,5760,2000,0,1,0,0,N
127,Parked Car,Minor Damage,Police,PA,1399.26,660,500,0,1,2,0,N
128,Single Vehicle Collision,Major Damage,Fire,NY,1352.31,10640,2000,0,1,0,3,Y
129,Multi-vehicle Collision,Major Damage,Fire,SC,1139.0,4970,1000,6000000,3,1,2,Y
130,Multi-vehicle Collision,Minor Damage,Other,NY,1397.67,14120,1000,0,3,1,2,N
131,Multi-vehicle Collision,Major Damage,Other,WV,823.17,12300,500,0,3,2,2,N
132,Multi-vehicle Collision,Major Damage,Ambulance,NC,965.13,8500,500,0,3,0,1,N
133,Single Vehicle Collision,Total Loss,Police,WV,1922.84,9360,1000,0,1,2,1,N
134,Single Vehicle Collision,Minor Damage,Ambulance,WV,1624.82,8680,2000,0,1,1,1,N
135,Single Vehicle Collision,Major Damage,Police,NY,1277.25,6920,2000,0,1,1,2,Y
136,Vehicle Theft,Minor Damage,Police,VA,1439.34,410,1000,0,1,0,0,N
137,Multi-vehicle Collision,Minor Damage,Fire,SC,1281.27,6550,1000,0,3,0,3,N
138,Multi-vehicle Collision,Minor Damage,Fire,NC,1348.83,6920,500,0,3,1,2,N
139,Multi-vehicle Collision,Total Loss,Other,VA,1198.15,12260,1000,0,3,0,2,N
140,Single Vehicle Collision,Total Loss,Police,NY,1221.22,4730,2000,0,1,0,1,N
141,Vehicle Theft,Trivial Damage,None,SC,968.74,940,2000,0,1,2,3,N
142,Parked Car,Minor Damage,None,SC,1220.71,1260,1000,0,1,2,1,N
143,Single Vehicle Collision,Major Damage,Ambulance,SC,1238.62,14160,2000,6000000,1,2,3,Y
144,Multi-vehicle Collision,Total Loss,Police,WV,1320.75,5070,2000,0,3,0,3,N
145,Single Vehicle Collision,Major Damage,Police,NC,990.98,15280,500,0,1,2,1,Y
146,Multi-vehicle Collision,Major Damage,Fire,NC,1398.51,6400,500,4000000,3,2,0,Y
147,Single Vehicle Collision,Minor Damage,Fire,WV,1355.08,4730,500,0,1,1,1,N
148,Single Vehicle Collision,Major Damage,Other,SC,1384.51,8960,1000,0,1,2,3,Y
149,Single Vehicle Collision,Major Damage,Other,SC,847.03,17280,500,0,1,1,0,Y
150,Single Vehicle Collision,Total Loss,Other,NY,1000.06,15040,1000,0,1,1,0,N
151,Multi-vehicle Collision,Major Damage,Fire,NC,1046.71,5340,1000,0,3,2,1,N
152,Multi-vehicle Collision,Total Loss,Police,NY,1158.03,9780,500,0,3,1,3,Y
153,Multi-vehicle Collision,Total Loss,Fire,WV,1372.27,10540,1000,0,3,2,3,N
154,Multi-vehicle Collision,Minor Damage,Ambulance,NC,1053.04,9040,1000,7000000,3,1,3,Y
155,Single Vehicle Collision,Major Damage,Police,NY,1275.39,0,1000,0,1,2,3,Y
156,Multi-vehicle Collision,Minor Damage,Police,NY,1402.75,14420,2000,0,3,2,1,N
157,Parked Car,Minor Damage,None,WV,1344.36,650,500,7000000,1,2,3,N
158,Multi-vehicle Collision,Total Loss,Ambulance,WV,1197.71,13040,1000,0,3,2,0,N
159,Vehicle Theft,Minor Damage,Police,NY,1203.24,620,500,0,1,2,0,N
160,Parked Car,Minor Damage,Police,VA,1152.4,1680,1000,0,1,2,3,N
161,Single Vehicle Collision,Total Loss,Ambulance,SC,1142.62,11700,2000,7000000,1,2,0,N
162,Multi-vehicle Collision,Total Loss,Ambulance,NY,1332.07,13240,1000,0,2,2,1,N
163,Single Vehicle Collision,Major Damage,Fire,SC,1166.54,21580,1000,0,1,2,0,Y
164,Multi-vehicle Collision,Total Loss,Fire,PA,1495.06,18180,500,0,3,2,0,N
165,Multi-vehicle Collision,Minor Damage,Ambulance,WV,1337.92,5580,1000,0,3,2,2,N
166,Single Vehicle Collision,Major Damage,Fire,WV,1587.96,12960,2000,0,1,2,1,Y
167,Multi-vehicle Collision,Minor Damage,Ambulance,NY,1362.29,6400,1000,0,3,0,0,N
168,Parked Car,Trivial Damage,Police,SC,1448.84,660,500,0,1,0,1,N
169,Parked Car,Minor Damage,None,NY,1241.97,670,2000,0,1,1,0,N
170,Multi-vehicle Collision,Minor Damage,Police,NY,1124.6,7960,500,0,3,0,0,N
171,Single Vehicle Collision,Total Loss,Ambulance,PA,1079.92,6700,2000,0,1,0,1,Y
172,Multi-vehicle Collision,Total Loss,Other,SC,1447.78,4990,1000,0,3,1,0,N
173,Multi-vehicle Collision,Major Damage,Fire,PA,1229.16,7400,500,4000000,3,0,2,N
174,Vehicle Theft,Trivial Damage,None,WV,1226.49,1220,1000,0,1,0,1,N
175,Single Vehicle Collision,Minor Damage,Other,PA,897.89,15920,2000,6000000,1,1,0,N
176,Single Vehicle Collision,Minor Damage,Ambulance,OH,1706.79,8560,500,0,1,1,1,N
177,Single Vehicle Collision,Minor Damage,Fire,SC,1254.18,11380,1000,0,1,0,1,N
178,Single Vehicle Collision,Total Loss,Other,WV,885.08,13100,500,0,1,0,1,N
179,Vehicle Theft,Trivial Damage,None,NY,1046.58,900,500,4000000,1,2,1,N
180,Multi-vehicle Collision,Major Damage,Fire,VA,1712.68,5110,2000,0,3,2,0,N
181,Single Vehicle Collision,Minor Damage,Police,SC,1097.71,16800,2000,0,1,2,3,N
182,Single Vehicle Collision,Total Loss,Police,VA,1363.77,16540,500,4000000,1,2,3,N
183,Single Vehicle Collision,Minor Damage,Police,SC,1382.88,7440,500,7000000,1,1,1,Y
184,Single Vehicle Collision,Major Damage,Ambulance,NY,1141.35,5490,1000,7000000,1,0,2,N
185,Single Vehicle Collision,Total Loss,Fire,NY,1054.83,16120,500,7000000,1,2,3,Y
186,Multi-vehicle Collision,Total Loss,Ambulance,NC,1057.77,2250,2000,0,3,1,1,N
187,Vehicle Theft,Minor Damage,Police,NY,1488.02,550,2000,0,1,1,3,N
188,Multi-vehicle Collision,Major Damage,Other,WV,920.3,6720,500,5000000,3,1,0,Y
189,Single Vehicle Collision,Total Loss,Ambulance,VA,986.53,18520,1000,0,1,0,2,N
190,Parked Car,Minor Damage,None,SC,1440.68,980,2000,0,1,0,1,N
191,Single Vehicle Collision,Minor Damage,Police,SC,1086.21,5610,1000,0,1,1,2,N
192,Single Vehicle Collision,Total Loss,Police,SC,1367.68,11100,2000,0,1,0,3,N
193,Vehicle Theft,Minor Damage,Police,VA,1215.85,640,1000,0,1,1,1,N
194,Multi-vehicle Collision,Total Loss,Other,VA,1191.19,0,2000,4000000,3,0,1,N
195,Multi-vehicle Collision,Total Loss,Fire,NC,1594.45,6960,1000,0,2,2,3,N
196,Vehicle Theft,Trivial Damage,Police,WV,1463.07,530,2000,0,1,1,1,Y
197,Parked Car,Trivial Damage,None,WV,1734.09,650,500,0,1,0,3,N
198,Single Vehicle Collision,Major Damage,Ambulance,NY,1411.43,11880,500,0,1,2,1,N
199,Vehicle Theft,Minor Damage,Police,SC,1512.58,280,2000,0,1,1,1,N
200,Vehicle Theft,Trivial Damage,Police,NY,1153.35,960,2000,0,1,2,1,N
201,Single Vehicle Collision,Minor Damage,Fire,WV,1722.95,7670,500,0,1,2,0,N
202,Parked Car,Trivial Damage,Police,NY,1281.07,740,2000,7000000,1,0,2,N
203,Multi-vehicle Collision,Major Damage,Fire,SC,1011.92,7150,500,0,3,0,3,N
204,Multi-vehicle Collision,Total Loss,Ambulance,WV,1042.26,2120,2000,0,3,1,2,N
205,Single Vehicle Collision,Minor Damage,Police,SC,1235.1,5440,500,0,1,2,1,N
206,Single Vehicle Collision,Total Loss,Fire,SC,768.91,5980,2000,0,1,1,0,Y
207,Multi-vehicle Collision,Major Damage,Police,VA,1301.72,7200,500,0,3,0,3,N
208,Multi-vehicle Collision,Total Loss,Police,SC,1451.54,14460,500,3000000,4,2,3,N
209,Parked Car,Trivial Damage,Police,WV,767.14,880,500,0,1,0,1,N
210,Vehicle Theft,Minor Damage,Police,NC,1620.89,1020,2000,0,1,2,0,N
211,Vehicle Theft,Trivial Damage,None,OH,1048.46,590,2000,0,1,1,2,N
212,Multi-vehicle Collision,Minor Damage,Ambulance,NY,1538.26,4290,1000,6000000,3,2,3,N
213,Multi-vehicle Collision,Major Damage,Other,SC,1217.69,9720,2000,0,3,1,0,Y
214,Single Vehicle Collision,Total Loss,Other,NC,1362.64,13560,2000,5000000,1,1,3,Y
215,Multi-vehicle Collision,Minor Damage,Ambulance,NC,1279.13,14740,1000,0,3,1,2,Y
216,Single Vehicle Collision,Minor Damage,Fire,NY,924.72,10520,2000,0,1,2,2,N
217,Vehicle Theft,Trivial Damage,None,NC,1019.44,720,1000,0,1,2,1,N
218,Single Vehicle Collision,Total Loss,Other,WV,1314.6,6390,500,0,1,2,3,Y
219,Multi-vehicle Collision,Minor Damage,Fire,SC,1515.18,9260,1000,6000000,3,1,0,N
220,Single Vehicle Collision,Major Damage,Other,NY,1649.18,5580,2000,0,1,1,2,Y
221,Single Vehicle Collision,Minor Damage,Ambulance,NY,1451.01,5620,500,0,1,2,2,N
222,Single Vehicle Collision,Total Loss,Fire,NY,978.46,8920,1000,0,1,0,0,N
223,Multi-vehicle Collision,Total Loss,Fire,NY,1198.34,6340,500,4000000,3,1,1,N
224,Multi-vehicle Collision,Major Damage,Fire,VA,1003.23,12980,2000,0,3,0,3,N
225,Single Vehicle Collision,Total Loss,Ambulance,NY,1212.0,14700,2000,0,1,0,1,N
226,Multi-vehicle Collision,Minor Damage,Other,NY,1242.96,13680,1000,7000000,2,2,0,N
227,Single Vehicle Collision,Major Damage,Other,NY,1053.02,4330,1000,0,1,0,2,Y
228,Multi-vehicle Collision,Total Loss,Fire,WV,1693.63,6560,500,0,3,1,3,N
229,Single Vehicle Collision,Minor Damage,Other,SC,2047.59,7230,1000,0,1,0,3,N
230,Single Vehicle Collision,Total Loss,Other,NY,1083.72,4880,1000,0,1,0,2,N
231,Single Vehicle Collision,Minor Damage,Police,SC,1138.42,6100,1000,6000000,1,2,3,N
232,Multi-vehicle Collision,Total Loss,Other,WV,1072.62,6910,500,0,4,2,1,N
233,Multi-vehicle Collision,Major Damage,Police,OH,1219.04,14500,2000,0,3,2,0,N
234,Multi-vehicle Collision,Major Damage,Other,PA,1371.78,10720,2000,0,3,0,2,Y
235,Multi-vehicle Collision,Minor Damage,Fire,NY,1506.21,6380,2000,0,3,1,0,N
236,Single Vehicle Collision,Total Loss,Fire,NY,1058.21,4570,1000,3000000,1,1,1,N
237,Multi-vehicle Collision,Total Loss,Fire,SC,932.14,7150,2000,0,3,2,3,Y
238,Single Vehicle Collision,Major Damage,Other,NY,1608.34,12920,2000,0,1,1,1,N
239,Single Vehicle Collision,Minor Damage,Fire,WV,1728.56,3530,1000,0,1,1,1,N
240,Single Vehicle Collision,Major Damage,Fire,SC,1518.46,5350,1000,0,1,0,0,N
241,Single Vehicle Collision,Major Damage,Other,VA,1540.19,7370,2000,0,1,2,0,Y
242,Parked Car,Trivial Damage,None,SC,965.21,630,2000,0,1,2,1,N
243,Multi-vehicle Collision,Total Loss,Ambulance,NY,1278.75,10900,2000,0,3,2,2,N
244,Vehicle Theft,Trivial Damage,None,PA,773.99,320,1000,0,1,1,2,N
245,Single Vehicle Collision,Major Damage,Fire,NY,1532.47,15080,1000,0,1,0,3,Y
246,Single Vehicle Collision,Minor Damage,Fire,NY,1340.56,6460,1000,0,1,0,2,N
247,Multi-vehicle Collision,Total Loss,Ambulance,SC,1297.75,15180,500,4000000,3,0,1,Y
248,Parked Car,Minor Damage,None,SC,433.33,590,1000,0,1,0,3,N
249,Single Vehicle Collision,Major Damage,Fire,NC,1025.54,6410,2000,0,1,1,3,N
250,Multi-vehicle Collision,Total Loss,Fire,SC,1264.77,10080,500,0,2,0,1,Y
251,Multi-vehicle Collision,Major Damage,Police,SC,1459.97,14700,500,5000000,3,1,2,Y
252,Vehicle Theft,Trivial Damage,Police,WV,1238.65,680,500,0,1,1,1,N
253,Single Vehicle Collision,Major Damage,Fire,OH,1050.76,5960,500,0,1,2,3,Y
254,Multi-vehicle Collision,Major Damage,Fire,SC,1711.72,11500,1000,0,3,2,2,Y
255,Multi-vehicle Collision,Major Damage,Ambulance,NY,865.33,9840,500,7000000,3,0,1,N
256,Multi-vehicle Collision,Total Loss,Other,SC,1153.49,5050,500,0,3,1,0,N
257,Single Vehicle Collision,Major Damage,Police,SC,1281.25,12820,2000,0,1,0,1,Y
258,Vehicle Theft,Trivial Damage,Police,NY,1342.8,660,500,0,1,1,3,N
259,Multi-vehicle Collision,Major Damage,Fire,SC,1443.32,5310,2000,0,3,0,2,Y
260,Parked Car,Trivial Damage,None,SC,1629.94,350,1000,0,1,0,1,N
261,Single Vehicle Collision,Major Damage,Police,NC,1134.08,5900,2000,0,1,2,0,Y
262,Multi-vehicle Collision,Major Damage,Ambulance,NY,1483.91,14120,500,8000000,3,0,1,Y
263,Multi-vehicle Collision,Minor Damage,Police,SC,1304.67,11180,2000,7000000,3,1,1,N
264,Single Vehicle Collision,Minor Damage,Police,SC,1035.79,10480,2000,0,1,1,0,N
265,Vehicle Theft,Trivial Damage,Police,NC,1401.2,1060,500,0,1,1,0,N
266,Multi-vehicle Collision,Major Damage,Fire,PA,1665.45,5920,1000,0,3,2,2,Y
267,Multi-vehicle Collision,Minor Damage,Fire,SC,653.66,7830,2000,0,3,0,0,N
268,Multi-vehicle Collision,Major Damage,Ambulance,PA,1080.13,4610,500,0,3,0,3,N
269,Multi-vehicle Collision,Total Loss,Fire,SC,1346.18,6270,2000,0,3,2,3,N
270,Multi-vehicle Collision,Minor Damage,Police,VA,1589.54,8530,2000,0,3,2,0,N
271,Parked Car,Minor Damage,None,NY,1251.65,280,1000,0,1,0,0,N
272,Multi-vehicle Collision,Major Damage,Police,WV,1083.01,11040,2000,0,4,2,0,Y
273,Multi-vehicle Collision,Minor Damage,Ambulance,NY,974.59,11940,500,0,3,1,0,N
274,Multi-vehicle Collision,Minor Damage,Fire,NY,1399.85,10820,2000,0,3,0,2,N
275,Multi-vehicle Collision,Major Damage,Ambulance,SC,1307.74,4170,500,0,3,0,1,N
276,Multi-vehicle Collision,Total Loss,Ambulance,WV,1219.27,7120,2000,0,3,1,2,N
277,Single Vehicle Collision,Minor Damage,Other,PA,1411.3,5490,500,0,1,1,0,Y
278,Multi-vehicle Collision,Major Damage,Police,WV,694.45,11700,2000,0,3,0,1,Y
279,Multi-vehicle Collision,Minor Damage,Police,SC,1006.77,7090,500,6000000,3,2,1,N
280,Multi-vehicle Collision,Minor Damage,Fire,PA,1422.36,7760,1000,0,3,1,3,N
281,Vehicle Theft,Trivial Damage,Police,NY,1348.32,860,1000,0,1,2,1,Y
282,Vehicle Theft,Minor Damage,Police,SC,1315.56,1240,2000,0,1,0,0,N
283,Single Vehicle Collision,Major Damage,Police,WV,1407.01,5990,2000,5000000,1,0,2,Y
284,Multi-vehicle Collision,Major Damage,Police,WV,1388.58,13260,2000,0,3,1,3,N
285,Single Vehicle Collision,Total Loss,Other,VA,1310.76,6390,500,0,1,0,1,N
286,Multi-vehicle Collision,Total Loss,Ambulance,SC,1004.63,11620,1000,6000000,3,2,0,N
287,Vehicle Theft,Trivial Damage,None,SC,1134.91,640,500,0,1,1,0,N
288,Single Vehicle Collision,Major Damage,Ambulance,SC,1194.0,7420,1000,0,1,1,2,Y
289,Parked Car,Minor Damage,Police,VA,1248.25,1460,1000,4000000,1,0,2,N
290,Single Vehicle Collision,Major Damage,Ambulance,NC,1338.54,17120,500,-1000000,1,0,1,N
291,Multi-vehicle Collision,Total Loss,Ambulance,OH,782.23,11460,2000,0,3,0,2,N
292,Multi-vehicle Collision,Major Damage,Fire,NC,1366.9,10540,2000,0,3,1,0,Y
293,Single Vehicle Collision,Minor Damage,Fire,NY,1275.81,15540,1000,0,1,2,2,N
294,Multi-vehicle Collision,Minor Damage,Police,NC,1090.65,5340,500,0,4,1,2,Y
295,Single Vehicle Collision,Total Loss,Fire,SC,1326.0,12020,500,0,1,1,2,N
296,Multi-vehicle Collision,Minor Damage,Police,PA,972.47,15420,2000,0,3,2,2,N
297,Parked Car,Trivial Damage,Police,SC,806.31,0,500,0,1,2,3,N
298,Parked Car,Minor Damage,None,WV,1416.24,540,500,0,1,1,0,N
299,Multi-vehicle Collision,Major Damage,Other,PA,1097.64,21240,2000,0,2,1,0,N
300,Vehicle Theft,Trivial Damage,Police,SC,947.75,640,500,0,1,1,3,N
301,Multi-vehicle Collision,Total Loss,Police,NY,1018.73,21630,2000,5000000,3,1,2,N
302,Multi-vehicle Collision,Major Damage,Police,NC,1400.74,17460,2000,0,3,0,2,N
303,Parked Car,Trivial Damage,Police,NY,1155.53,630,500,5000000,1,0,2,N
304,Multi-vehicle Collision,Minor Damage,Other,NY,1386.93,6580,500,0,3,0,0,N
305,Single Vehicle Collision,Major Damage,Other,NY,915.29,4080,500,0,1,2,1,Y
306,Single Vehicle Collision,Major Damage,Fire,SC,1239.55,9600,500,2000000,1,1,1,Y
307,Multi-vehicle Collision,Total Loss,Fire,SC,1366.42,5910,500,0,3,1,2,Y
308,Multi-vehicle Collision,Total Loss,Other,NY,1086.48,7040,1000,6000000,3,1,1,N
309,Multi-vehicle Collision,Total Loss,Fire,NY,1247.87,4570,2000,0,3,2,2,N
310,Multi-vehicle Collision,Major Damage,Other,SC,1312.75,14680,2000,0,3,2,2,Y
311,Multi-vehicle Collision,Major Damage,Ambulance,SC,765.64,5700,2000,0,3,0,3,Y
312,Single Vehicle Collision,Total Loss,Other,SC,1327.41,7000,2000,0,1,0,0,N
313,Multi-vehicle Collision,Total Loss,Police,WV,1338.55,6800,1000,0,3,2,2,N
314,Multi-vehicle Collision,Minor Damage,Other,SC,1316.63,13000,2000,8000000,3,2,0,N
315,Single Vehicle Collision,Minor Damage,Police,WV,1286.44,15100,1000,0,1,2,1,N
316,Multi-vehicle Collision,Total Loss,Other,WV,1372.18,15100,1000,0,3,1,3,N
317,Multi-vehicle Collision,Total Loss,Ambulance,VA,1447.77,10720,2000,0,3,1,1,N
318,Multi-vehicle Collision,Minor Damage,Police,NY,903.32,3170,500,0,3,1,0,N
319,Single Vehicle Collision,Major Damage,Other,NY,1454.42,12380,1000,0,1,0,1,Y
320,Single Vehicle Collision,Total Loss,Fire,NY,1603.42,6710,2000,0,1,0,2,N
321,Multi-vehicle Collision,Major Damage,Other,SC,1616.58,12720,2000,0,3,0,3,N
322,Single Vehicle Collision,Total Loss,Police,WV,1611.83,3280,500,0,1,1,2,N
323,Multi-vehicle Collision,Total Loss,Police,PA,889.13,4910,500,0,3,0,2,N
324,Multi-vehicle Collision,Major Damage,Other,VA,1252.08,5040,1000,0,2,2,2,Y
325,Multi-vehicle Collision,Total Loss,Police,NY,995.56,8840,2000,0,3,1,1,N
326,Multi-vehicle Collision,Total Loss,Fire,NY,1347.92,6050,2000,0,3,0,2,N
327,Multi-vehicle Collision,Minor Damage,Police,NY,1724.09,11960,1000,0,3,0,0,N
328,Multi-vehicle Collision,Major Damage,Other,NY,1379.93,4710,500,0,3,0,2,Y
329,Single Vehicle Collision,Major Damage,Other,WV,1554.64,10120,1000,4000000,1,1,0,Y
330,Single Vehicle Collision,Major Damage,Fire,NY,1377.94,4960,1000,0,1,2,3,N
331,Multi-vehicle Collision,Major Damage,Ambulance,NY,1313.33,14120,2000,0,3,1,3,Y
332,Parked Car,Trivial Damage,None,SC,1259.02,940,500,0,1,2,2,N
333,Parked Car,Trivial Damage,None,VA,1371.88,580,1000,0,1,2,2,N
334,Single Vehicle Collision,Total Loss,Fire,NC,1399.27,6680,500,6000000,1,0,0,N
335,Single Vehicle Collision,Minor Damage,Police,WV,1061.98,7250,1000,6000000,1,0,1,N
336,Multi-vehicle Collision,Minor Damage,Fire,SC,1365.46,4920,500,4000000,3,2,1,N
337,Single Vehicle Collision,Total Loss,Police,NY,894.4,7810,1000,0,1,2,0,N
338,Single Vehicle Collision,Minor Damage,Other,NY,956.69,8710,500,0,1,1,1,N
339,Multi-vehicle Collision,Total Loss,Fire,NY,1123.89,4580,2000,0,3,1,3,N
340,Multi-vehicle Collision,Total Loss,Police,VA,1085.03,6480,500,0,3,2,2,Y
341,Single Vehicle Collision,Minor Damage,Other,SC,1437.33,12800,2000,0,1,1,3,N
342,Single Vehicle Collision,Major Damage,Police,NY,988.29,10520,1000,0,1,2,2,Y
343,Vehicle Theft,Minor Damage,None,WV,1238.89,960,500,0,1,0,3,N
344,Single Vehicle Collision,Total Loss,Police,VA,1384.64,11100,1000,5000000,1,2,3,Y
345,Single Vehicle Collision,Minor Damage,Police,VA,1595.07,11820,2000,0,1,0,2,N
346,Single Vehicle Collision,Minor Damage,Ambulance,WV,1127.89,6580,1000,6000000,1,2,0,N
347,Single Vehicle Collision,Total Loss,Other,VA,929.7,5270,2000,6000000,1,2,2,N
348,Multi-vehicle Collision,Total Loss,Other,SC,1829.63,6150,1000,0,3,1,0,N
349,Single Vehicle Collision,Major Damage,Fire,SC,904.7,14840,1000,7000000,1,1,3,Y
350,Single Vehicle Collision,Minor Damage,Other,VA,1243.84,12980,1000,0,1,1,3,N
351,Multi-vehicle Collision,Major Damage,Ambulance,NC,1030.95,3590,2000,0,3,1,0,Y
352,Single Vehicle Collision,Minor Damage,Fire,VA,1285.03,10440,500,3000000,1,1,3,N
353,Single Vehicle Collision,Minor Damage,Police,SC,1216.56,13000,500,0,1,0,2,N
354,Multi-vehicle Collision,Minor Damage,Ambulance,NY,966.26,6720,2000,0,3,0,0,N
355,Single Vehicle Collision,Total Loss,Fire,WV,1203.17,5750,500,0,1,0,0,N
356,Multi-vehicle Collision,Major Damage,Other,WV,1212.12,5730,2000,0,3,1,1,N
357,Multi-vehicle Collision,Minor Damage,Police,NY,1573.93,10840,1000,0,3,0,2,N
358,Single Vehicle Collision,Major Damage,Ambulance,SC,1609.67,13800,1000,0,1,1,3,Y
359,Single Vehicle Collision,Total Loss,Other,SC,1097.57,6170,500,0,1,1,0,N
360,Multi-vehicle Collision,Major Damage,Ambulance,OH,1618.65,7810,2000,2000000,3,2,1,Y
361,Multi-vehicle Collision,Major Damage,Ambulance,SC,922.67,9360,500,0,3,2,1,Y
362,Parked Car,Trivial Damage,None,VA,1342.02,450,1000,0,1,0,2,N
363,Multi-vehicle Collision,Major Damage,Other,WV,1195.01,6100,500,0,3,0,2,Y
364,Parked Car,Minor Damage,Police,SC,994.74,620,1000,0,1,2,2,Y
365,Parked Car,Minor Damage,None,NC,1050.24,720,1000,0,1,0,0,Y
366,Vehicle Theft,Trivial Damage,None,SC,1313.51,280,2000,7000000,1,2,0,N
367,Single Vehicle Collision,Minor Damage,Ambulance,VA,1102.29,6000,2000,0,1,1,0,N
368,Single Vehicle Collision,Minor Damage,Police,NC,1185.78,8900,1000,0,1,0,2,Y
369,Multi-vehicle Collision,Major Damage,Other,WV,1527.95,15560,500,0,4,0,1,N
370,Multi-vehicle Collision,Major Damage,Other,NC,1366.39,5840,1000,0,3,2,1,N
371,Multi-vehicle Collision,Total Loss,Police,VA,1403.9,8020,1000,0,2,1,2,N
372,Single Vehicle Collision,Total Loss,Other,SC,927.23,6760,2000,0,1,1,3,N
373,Parked Car,Minor Damage,None,WV,1554.86,680,2000,6000000,1,1,2,Y
374,Multi-vehicle Collision,Minor Damage,Police,SC,736.07,10380,2000,6000000,4,0,0,N
375,Multi-vehicle Collision,Total Loss,Other,NY,974.16,4860,1000,6000000,3,1,0,N
376,Single Vehicle Collision,Major Damage,Ambulance,WV,973.8,6620,500,0,1,1,0,N
377,Single Vehicle Collision,Total Loss,Fire,VA,1260.32,4550,2000,6000000,1,1,2,N
378,Multi-vehicle Collision,Minor Damage,Ambulance,NY,1464.03,4420,1000,0,3,2,0,N
379,Multi-vehicle Collision,Major Damage,Other,VA,617.11,5080,2000,0,3,1,2,Y
380,Multi-vehicle Collision,Total Loss,Police,SC,1724.46,4420,2000,6000000,3,1,3,N
381,Single Vehicle Collision,Minor Damage,Police,SC,1161.31,5720,500,0,1,1,3,N
382,Multi-vehicle Collision,Minor Damage,Other,NY,1091.73,5550,2000,0,3,0,2,Y
383,Single Vehicle Collision,Minor Damage,Ambulance,NC,1209.07,6270,2000,0,1,0,1,Y
384,Single Vehicle Collision,Minor Damage,Police,NY,1241.04,18220,2000,0,1,2,2,N
385,Multi-vehicle Collision,Minor Damage,Fire,NY,1757.21,5460,500,0,3,1,0,N
386,Single Vehicle Collision,Major Damage,Ambulance,WV,802.24,5570,1000,0,1,0,1,N
387,Single Vehicle Collision,Total Loss,Other,NY,1342.72,6940,1000,0,1,1,2,N
388,Multi-vehicle Collision,Total Loss,Other,NY,1209.41,11420,2000,5000000,3,0,1,N
389,Single Vehicle Collision,Major Damage,Ambulance,WV,1141.71,6770,1000,2000000,1,1,2,N
390,Single Vehicle Collision,Major Damage,Ambulance,WV,1090.03,4840,500,0,1,0,2,N
391,Multi-vehicle Collision,Total Loss,Fire,NY,1464.73,5720,1000,3000000,3,0,0,N
392,Multi-vehicle Collision,Total Loss,Fire,NY,1118.58,10340,1000,0,3,2,1,N
393,Multi-vehicle Collision,Total Loss,Other,WV,1117.04,5460,2000,0,3,1,2,N
394,Multi-vehicle Collision,Major Damage,Other,OH,1257.83,9540,500,7000000,4,2,2,Y
395,Vehicle Theft,Minor Damage,None,SC,1082.72,580,2000,0,1,2,0,N
396,Single Vehicle Collision,Major Damage,Other,NY,1191.8,12220,1000,6000000,1,1,0,N
397,Single Vehicle Collision,Minor Damage,Fire,VA,1242.02,7490,1000,0,1,0,2,N
398,Vehicle Theft,Trivial Damage,Police,WV,1075.71,290,500,0,1,0,1,N
399,Single Vehicle Collision,Minor Damage,Ambulance,NY,969.88,6410,1000,6000000,1,1,0,N
400,Multi-vehicle Collision,Total Loss,Police,WV,1459.93,14180,2000,0,2,1,3,N
401,Single Vehicle Collision,Total Loss,Fire,NY,1245.61,9180,1000,0,1,1,0,N
402,Multi-vehicle Collision,Major Damage,Ambulance,NY,1462.76,4080,2000,0,3,2,0,Y
403,Single Vehicle Collision,Minor Damage,Ambulance,NC,1398.46,15060,2000,0,1,0,2,N
404,Single Vehicle Collision,Minor Damage,Other,SC,1269.64,15360,1000,0,1,1,3,Y
405,Multi-vehicle Collision,Total Loss,Fire,WV,1455.65,7980,500,4000000,3,2,3,N
406,Multi-vehicle Collision,Minor Damage,Police,WV,1140.31,9640,2000,0,3,0,3,N
407,Multi-vehicle Collision,Total Loss,Police,VA,1330.46,4400,500,0,3,0,0,N
408,Single Vehicle Collision,Minor Damage,Fire,OH,1190.6,7860,2000,0,1,1,3,N
409,Vehicle Theft,Trivial Damage,None,NC,972.5,580,500,0,1,2,3,N
410,Parked Car,Minor Damage,None,WV,1161.91,650,2000,0,1,0,3,N
411,Parked Car,Trivial Damage,Police,SC,1117.17,1240,1000,0,1,2,0,N
412,Multi-vehicle Collision,Minor Damage,Fire,NY,1101.51,11580,2000,0,3,2,2,N
413,Multi-vehicle Collision,Major Damage,Fire,PA,1523.17,15760,1000,0,3,1,2,N
414,Vehicle Theft,Minor Damage,None,NC,984.45,780,1000,0,1,1,2,N
415,Single Vehicle Collision,Total Loss,Other,WV,1257.0,11140,2000,4000000,1,1,3,N
416,Single Vehicle Collision,Total Loss,Police,NY,1434.51,8930,500,0,1,0,2,N
417,Single Vehicle Collision,Total Loss,Ambulance,NY,1628.0,5560,2000,0,1,1,2,N
418,Vehicle Theft,Trivial Damage,Police,NC,1412.31,500,500,0,1,1,3,N
419,Single Vehicle Collision,Minor Damage,Other,NY,1362.87,14740,500,5000000,1,2,0,N
420,Single Vehicle Collision,Major Damage,Ambulance,SC,1134.68,13860,1000,0,1,2,2,N
421,Single Vehicle Collision,Total Loss,Ambulance,SC,1306.78,20280,1000,0,1,1,0,N
422,Single Vehicle Collision,Major Damage,Other,WV,1021.9,14040,500,0,1,0,0,N
423,Single Vehicle Collision,Minor Damage,Fire,SC,1538.6,12120,1000,0,1,0,0,N
424,Multi-vehicle Collision,Major Damage,Ambulance,NY,1354.5,12960,1000,0,3,0,3,Y
425,Multi-vehicle Collision,Major Damage,Police,WV,1282.93,12160,500,0,4,0,0,Y
426,Single Vehicle Collision,Total Loss,Ambulance,WV,1346.27,5820,1000,0,1,0,2,N
427,Single Vehicle Collision,Minor Damage,Police,NC,1338.4,6730,1000,4000000,1,1,0,N
428,Multi-vehicle Collision,Major Damage,Ambulance,NC,949.44,8710,1000,0,3,0,0,Y
429,Single Vehicle Collision,Total Loss,Fire,NY,977.4,11140,2000,0,1,2,3,N
430,Multi-vehicle Collision,Total Loss,Ambulance,OH,1181.46,5670,2000,10000000,4,1,2,N
431,Multi-vehicle Collision,Total Loss,Other,VA,1187.53,0,500,0,3,0,0,N
432,Single Vehicle Collision,Major Damage,Police,NC,845.16,6130,1000,0,1,1,0,Y
433,Single Vehicle Collision,Minor Damage,Other,NY,1442.27,5850,500,0,1,2,3,N
434,Single Vehicle Collision,Major Damage,Fire,NC,1276.43,6660,2000,0,1,0,3,N
435,Single Vehicle Collision,Total Loss,Police,PA,1075.41,7340,500,0,1,1,0,N
436,Single Vehicle Collision,Major Damage,Fire,PA,1111.72,4650,500,0,1,1,2,N
437,Parked Car,Trivial Damage,Police,NC,814.96,1280,2000,6000000,1,2,2,Y
438,Vehicle Theft,Trivial Damage,Police,WV,1575.86,290,1000,0,1,1,1,N
439,Parked Car,Trivial Damage,None,VA,1115.27,590,1000,0,1,2,1,N
440,Single Vehicle Collision,Total Loss,Fire,NY,1175.7,6370,2000,0,1,0,2,N
441,Multi-vehicle Collision,Total Loss,Other,WV,793.15,13660,500,0,3,0,3,N
442,Single Vehicle Collision,Major Damage,Fire,SC,942.51,19200,500,0,1,0,0,Y
443,Parked Car,Minor Damage,None,VA,1056.71,580,1000,0,1,2,1,N
444,Parked Car,Minor Damage,None,NC,1255.68,1480,2000,6000000,1,0,0,N
445,Single Vehicle Collision,Total Loss,Police,SC,1335.13,6090,500,0,1,1,1,Y
446,Single Vehicle Collision,Total Loss,Fire,NY,1178.95,9880,500,6000000,1,2,3,N
447,Single Vehicle Collision,Minor Damage,Fire,NC,1793.16,6250,500,0,1,2,2,N
448,Single Vehicle Collision,Total Loss,Ambulance,SC,1008.38,6150,500,0,1,1,0,N
449,Multi-vehicle Collision,Major Damage,Ambulance,WV,1396.83,13980,500,0,4,0,3,N
450,Single Vehicle Collision,Minor Damage,Ambulance,NY,1402.78,12460,500,5000000,1,0,1,N
451,Single Vehicle Collision,Total Loss,Fire,SC,1437.88,0,1000,0,1,2,0,N
452,Parked Car,Trivial Damage,None,NY,1313.64,390,1000,0,1,1,0,N
453,Multi-vehicle Collision,Total Loss,Other,NY,1482.14,6750,500,0,3,2,1,N
454,Single Vehicle Collision,Minor Damage,Other,NY,1171.75,4430,2000,0,1,2,3,N
455,Multi-vehicle Collision,Minor Damage,Police,WV,1353.33,17300,2000,0,3,2,0,N
456,Vehicle Theft,Minor Damage,Police,NY,1175.51,680,500,0,1,0,1,N
457,Single Vehicle Collision,Major Damage,Ambulance,NC,1836.02,6650,2000,0,1,2,1,Y
458,Single Vehicle Collision,Total Loss,Other,NC,1480.79,17260,500,9000000,1,0,2,N
459,Single Vehicle Collision,Minor Damage,Ambulance,NY,1453.92,7950,2000,0,1,2,3,N
460,Single Vehicle Collision,Minor Damage,Other,SC,1340.71,13860,500,0,1,2,2,Y
461,Single Vehicle Collision,Minor Damage,Ambulance,WV,714.03,9920,2000,0,1,0,2,N
462,Multi-vehicle Collision,Major Damage,Police,SC,1376.16,5970,2000,0,3,2,1,Y
463,Multi-vehicle Collision,Total Loss,Police,NY,914.22,7690,500,0,3,2,0,N
464,Multi-vehicle Collision,Total Loss,Other,SC,1601.47,6850,1000,0,3,2,2,N
465,Single Vehicle Collision,Major Damage,Police,VA,1096.79,8140,1000,6000000,1,2,1,N
466,Multi-vehicle Collision,Major Damage,Fire,SC,1078.22,5310,2000,0,3,0,1,N
467,Multi-vehicle Collision,Major Damage,Ambulance,VA,1595.28,3510,1000,0,3,0,0,N
468,Multi-vehicle Collision,Minor Damage,Fire,WV,1217.84,9600,1000,5000000,3,2,2,N
469,Multi-vehicle Collision,Minor Damage,Fire,NC,1117.42,11820,2000,0,3,2,2,N
470,Single Vehicle Collision,Major Damage,Other,NY,1567.37,11660,2000,0,1,2,3,Y
471,Multi-vehicle Collision,Minor Damage,Ambulance,WV,1294.93,0,2000,6000000,3,1,2,N
472,Multi-vehicle Collision,Total Loss,Ambulance,WV,1152.12,15080,1000,0,3,2,0,N
473,Vehicle Theft,Trivial Damage,None,SC,1441.21,1180,1000,0,1,1,0,N
474,Parked Car,Minor Damage,Police,PA,1575.74,1180,1000,7000000,1,2,2,Y
475,Multi-vehicle Collision,Total Loss,Police,NC,1233.96,5590,2000,0,3,1,1,N
476,Single Vehicle Collision,Major Damage,Other,SC,1861.43,6380,1000,0,1,0,3,Y
477,Single Vehicle Collision,Total Loss,Police,VA,1570.86,7270,1000,0,1,0,1,Y
478,Vehicle Theft,Minor Damage,Police,NC,791.47,1260,2000,0,1,1,2,Y
479,Single Vehicle Collision,Major Damage,Fire,WV,1012.78,19020,1000,0,1,2,1,Y
480,Multi-vehicle Collision,Major Damage,Fire,SC,1047.06,6350,500,6000000,3,0,2,N
481,Single Vehicle Collision,Minor Damage,Fire,PA,1390.29,6290,1000,0,1,0,0,N
482,Multi-vehicle Collision,Major Damage,Other,WV,951.46,6630,500,0,3,0,3,Y
483,Multi-vehicle Collision,Minor Damage,Other,NY,1226.78,8150,1000,0,2,2,0,N
484,Single Vehicle Collision,Minor Damage,Ambulance,NC,1280.9,5000,500,0,1,2,0,N
485,Single Vehicle Collision,Total Loss,Other,NY,1472.77,8780,2000,0,1,2,1,N
486,Single Vehicle Collision,Total Loss,Fire,VA,1878.44,5370,1000,0,1,0,0,N
487,Multi-vehicle Collision,Minor Damage,Police,NY,1418.5,6330,500,0,3,0,0,N
488,Single Vehicle Collision,Total Loss,Other,SC,1532.8,11960,500,0,1,0,3,N
489,Multi-vehicle Collision,Total Loss,Ambulance,NY,1304.35,11600,500,0,3,0,2,Y
490,Vehicle Theft,Minor Damage,None,WV,1551.61,250,2000,0,1,1,1,N
491,Multi-vehicle Collision,Minor Damage,Ambulance,VA,1326.98,9020,1000,6000000,3,1,3,N
492,Multi-vehicle Collision,Major Damage,Other,NY,862.92,11580,500,0,3,0,2,N
493,Single Vehicle Collision,Minor Damage,Police,NY,1331.69,10300,2000,0,1,1,2,N
494,Multi-vehicle Collision,Major Damage,Other,OH,1486.04,6410,2000,0,3,2,3,Y
495,Single Vehicle Collision,Minor Damage,Other,SC,870.55,13380,1000,0,1,0,3,N
496,Vehicle Theft,Trivial Damage,Police,NY,1344.56,0,2000,6000000,1,1,2,N
497,Multi-vehicle Collision,Minor Damage,Ambulance,NY,1377.04,6620,1000,0,4,1,1,N
498,Single Vehicle Collision,Major Damage,Police,NY,1237.88,5780,500,0,1,0,0,Y
499,Single Vehicle Collision,Minor Damage,Other,NC,1525.86,6670,1000,0,1,1,1,N
500,Single Vehicle Collision,Minor Damage,Police,SC,854.58,23670,500,0,1,2,3,N
501,Single Vehicle Collision,Major Damage,Police,WV,770.76,4980,1000,0,1,0,2,N
502,Single Vehicle Collision,Major Damage,Other,WV,1132.74,14080,2000,0,1,1,1,N
503,Single Vehicle Collision,Total Loss,Other,SC,1173.37,0,500,8000000,1,1,0,N
504,Multi-vehicle Collision,Major Damage,Fire,VA,1188.28,5980,2000,6000000,2,1,0,Y
505,Single Vehicle Collision,Minor Damage,Police,WV,876.88,6370,1000,6000000,1,2,1,N
506,Multi-vehicle Collision,Minor Damage,Police,NY,1143.95,5930,1000,0,3,2,1,N
507,Single Vehicle Collision,Minor Damage,Police,NY,1409.06,14520,2000,0,1,2,2,N
508,Multi-vehicle Collision,Total Loss,Fire,NY,1070.63,12320,1000,0,3,0,1,N
509,Multi-vehicle Collision,Total Loss,Police,NY,916.13,12360,2000,0,3,2,0,N
510,Single Vehicle Collision,Total Loss,Police,WV,1191.5,8900,500,0,1,2,0,N
511,Parked Car,Trivial Damage,Police,NY,1474.66,820,1000,0,1,2,3,N
512,Single Vehicle Collision,Total Loss,Ambulance,WV,1193.45,5880,1000,0,1,2,1,N
513,Multi-vehicle Collision,Minor Damage,Ambulance,PA,1437.53,5970,1000,0,3,0,2,Y
514,Single Vehicle Collision,Total Loss,Ambulance,NY,1304.83,10100,2000,0,1,0,0,N
515,Single Vehicle Collision,Total Loss,Other,NY,1168.8,3250,1000,0,1,0,3,N
516,Single Vehicle Collision,Total Loss,Ambulance,WV,1164.97,7140,1000,0,1,1,2,N
517,Multi-vehicle Collision,Major Damage,Fire,SC,1232.72,14660,1000,0,3,1,0,Y
518,Multi-vehicle Collision,Minor Damage,Ambulance,SC,1800.76,4780,2000,0,3,1,0,N
519,Vehicle Theft,Trivial Damage,Police,NY,1187.01,640,500,7000000,1,0,1,N
520,Single Vehicle Collision,Total Loss,Fire,NY,1559.34,7000,1000,0,1,0,2,N
521,Single Vehicle Collision,Total Loss,Ambulance,WV,1137.02,16020,2000,0,1,1,3,N
522,Multi-vehicle Collision,Minor Damage,Fire,SC,1281.72,4340,1000,0,4,0,2,N
523,Multi-vehicle Collision,Total Loss,Fire,SC,796.35,10720,1000,0,3,2,1,N
524,Parked Car,Minor Damage,Police,NC,1270.02,240,500,0,1,1,2,N
525,Vehicle Theft,Trivial Damage,Police,SC,1383.13,1060,1000,0,1,1,1,N
526,Multi-vehicle Collision,Major Damage,Ambulance,VA,1290.74,14340,2000,5000000,3,2,0,N
527,Vehicle Theft,Trivial Damage,Police,SC,1216.68,300,1000,0,1,1,1,N
528,Single Vehicle Collision,Total Loss,Ambulance,WV,1251.16,6330,500,0,1,0,1,N
529,Single Vehicle Collision,Major Damage,Police,WV,1586.41,13740,2000,0,1,1,3,Y
530,Single Vehicle Collision,Minor Damage,Police,SC,1526.11,15040,2000,5000000,1,2,3,N
531,Single Vehicle Collision,Major Damage,Ambulance,SC,1028.44,7360,1000,0,1,0,0,N
532,Multi-vehicle Collision,Total Loss,Other,VA,1555.94,13180,1000,0,3,1,3,N
533,Vehicle Theft,Minor Damage,None,SC,1570.77,620,2000,0,1,0,3,N
534,Multi-vehicle Collision,Total Loss,Fire,WV,1170.53,11380,2000,0,3,1,2,N
535,Single Vehicle Collision,Major Damage,Other,NY,1099.95,6550,1000,0,1,1,0,Y
536,Multi-vehicle Collision,Major Damage,Ambulance,WV,1472.43,11560,2000,0,3,1,3,N
537,Multi-vehicle Collision,Minor Damage,Police,NY,1275.62,6140,500,0,3,2,1,N
538,Parked Car,Minor Damage,None,VA,1292.3,470,1000,0,1,1,3,Y
539,Single Vehicle Collision,Total Loss,Fire,SC,1009.37,13480,2000,0,1,0,2,N
540,Single Vehicle Collision,Major Damage,Other,VA,1093.07,13860,500,4000000,1,2,2,N
541,Parked Car,Trivial Damage,Police,NC,1325.44,830,1000,7000000,1,0,2,N
542,Multi-vehicle Collision,Major Damage,Police,NC,1017.18,8740,2000,0,3,1,3,N
543,Multi-vehicle Collision,Minor Damage,Ambulance,SC,1221.17,11340,1000,0,3,0,0,N
544,Single Vehicle Collision,Minor Damage,Fire,VA,1927.87,5410,500,0,1,0,1,Y
545,Single Vehicle Collision,Major Damage,Fire,SC,978.27,7640,1000,0,1,1,3,N
546,Single Vehicle Collision,Total Loss,Ambulance,VA,1221.14,13720,2000,0,1,0,2,N
547,Multi-vehicle Collision,Major Damage,Other,OH,1255.62,6900,2000,0,3,2,1,Y
548,Vehicle Theft,Minor Damage,Police,VA,999.52,720,500,0,1,1,2,N
549,Multi-vehicle Collision,Minor Damage,Ambulance,SC,1380.89,12220,500,0,3,2,1,N
550,Multi-vehicle Collision,Total Loss,Ambulance,NC,1010.77,4250,500,0,3,0,3,N
551,Single Vehicle Collision,Minor Damage,Fire,SC,1205.86,7200,500,0,1,0,1,N
552,Vehicle Theft,Minor Damage,Police,SC,1526.61,840,1000,0,1,2,2,Y
553,Parked Car,Trivial Damage,Police,NC,1496.44,1260,1000,0,1,2,2,N
554,Multi-vehicle Collision,Minor Damage,Other,SC,1256.2,8340,500,0,3,1,2,N
555,Single Vehicle Collision,Major Damage,Other,NY,1268.35,14060,500,0,1,2,1,Y
556,Vehicle Theft,Trivial Damage,Police,WV,1421.59,450,2000,0,1,2,3,N
557,Vehicle Theft,Minor Damage,Police,NC,1500.04,860,500,6000000,1,0,2,N
558,Multi-vehicle Collision,Total Loss,Fire,WV,1433.24,2730,500,0,3,2,1,Y
559,Multi-vehicle Collision,Minor Damage,Ambulance,WV,1231.25,9760,2000,0,3,1,0,N
560,Multi-vehicle Collision,Total Loss,Police,WV,1135.43,3900,500,0,3,1,1,N
561,Single Vehicle Collision,Minor Damage,Fire,NY,945.73,8410,2000,5000000,1,0,0,Y
562,Single Vehicle Collision,Total Loss,Fire,NY,1118.76,6840,2000,0,1,1,3,N
563,Single Vehicle Collision,Minor Damage,Police,NY,1231.98,5530,2000,0,1,0,0,N
564,Multi-vehicle Collision,Minor Damage,Ambulance,VA,1005.47,5770,2000,0,4,2,3,N
565,Single Vehicle Collision,Minor Damage,Other,WV,1108.97,16620,2000,0,1,2,2,N
566,Single Vehicle Collision,Minor Damage,Fire,SC,1392.39,5430,500,5000000,1,2,0,N
567,Multi-vehicle Collision,Major Damage,Ambulance,SC,1317.97,5380,2000,0,3,1,2,Y
568,Multi-vehicle Collision,Total Loss,Other,WV,1588.22,8460,1000,0,3,1,1,N
569,Single Vehicle Collision,Total Loss,Other,SC,900.02,6970,500,6000000,1,1,3,N
570,Multi-vehicle Collision,Total Loss,Ambulance,WV,1744.64,7280,1000,3000000,3,0,1,N
571,Multi-vehicle Collision,Minor Damage,Police,SC,1260.56,4690,1000,0,3,0,2,N
572,Multi-vehicle Collision,Major Damage,Ambulance,NY,1021.14,14380,2000,0,3,2,3,N
573,Single Vehicle Collision,Major Damage,Other,NY,1285.09,15060,2000,0,1,0,2,Y
574,Single Vehicle Collision,Total Loss,Other,OH,1537.07,4740,500,3000000,1,1,0,Y
575,Single Vehicle Collision,Total Loss,Other,SC,1022.42,14220,1000,0,1,0,2,N
576,Single Vehicle Collision,Minor Damage,Police,NY,1558.86,6940,2000,0,1,2,2,N
577,Multi-vehicle Collision,Major Damage,Other,SC,1757.87,10000,500,0,3,2,1,Y
578,Multi-vehicle Collision,Total Loss,Police,WV,973.5,7860,1000,0,2,1,3,N
579,Single Vehicle Collision,Major Damage,Fire,NY,1430.8,19260,500,0,1,2,3,Y
580,Single Vehicle Collision,Total Loss,Other,NC,1192.27,12240,500,0,1,2,0,N
581,Multi-vehicle Collision,Major Damage,Other,NC,1163.83,13840,500,0,4,2,0,N
582,Multi-vehicle Collision,Minor Damage,Ambulance,SC,1003.15,13080,1000,0,2,2,1,N
583,Multi-vehicle Collision,Minor Damage,Fire,NY,1153.54,12380,2000,6000000,3,0,1,N
584,Parked Car,Trivial Damage,Police,WV,1631.1,670,1000,0,1,1,2,N
585,Vehicle Theft,Minor Damage,None,OH,1252.48,510,1000,0,1,1,3,N
586,Vehicle Theft,Trivial Damage,Police,WV,1677.26,510,1000,0,1,1,3,N
587,Multi-vehicle Collision,Major Damage,Other,SC,979.73,14480,1000,0,2,1,2,Y
588,Single Vehicle Collision,Major Damage,Fire,NY,989.24,7090,500,0,1,2,3,N
589,Multi-vehicle Collision,Total Loss,Other,WV,1389.86,6510,1000,0,2,2,3,N
590,Multi-vehicle Collision,Total Loss,Ambulance,PA,1233.85,14280,500,0,3,2,1,N
591,Single Vehicle Collision,Major Damage,Ambulance,WV,1320.39,21810,500,0,1,2,1,Y
592,Single Vehicle Collision,Total Loss,Police,SC,1435.09,6290,1000,0,1,2,0,N
593,Single Vehicle Collision,Major Damage,Fire,VA,1448.54,7690,500,0,1,1,1,Y
594,Multi-vehicle Collision,Major Damage,Fire,SC,1733.56,14840,500,0,3,2,1,N
595,Single Vehicle Collision,Major Damage,Police,NC,1533.07,6500,500,0,1,1,2,N
596,Parked Car,Trivial Damage,Police,WV,1106.77,500,500,0,1,2,0,N
597,Parked Car,Trivial Damage,Police,PA,995.7,1000,500,5000000,1,2,1,Y
598,Multi-vehicle Collision,Major Damage,Ambulance,NY,1298.85,12100,1000,6000000,3,1,3,N
599,Multi-vehicle Collision,Major Damage,Police,WV,1276.73,6880,1000,5000000,3,1,3,N
600,Single Vehicle Collision,Minor Damage,Ambulance,VA,1202.28,4370,2000,0,1,1,2,Y
601,Single Vehicle Collision,Minor Damage,Other,NC,671.92,7120,500,0,1,2,0,N
602,Single Vehicle Collision,Total Loss,Other,SC,1358.03,10000,1000,0,1,2,1,Y
603,Vehicle Theft,Trivial Damage,Police,WV,1008.79,550,1000,4000000,1,2,3,N
604,Multi-vehicle Collision,Minor Damage,Police,SC,1141.1,11940,1000,0,2,0,1,N
605,Single Vehicle Collision,Minor Damage,Other,NY,1397.0,6860,1000,0,1,1,0,N
606,Single Vehicle Collision,Total Loss,Ambulance,SC,1664.66,5750,1000,0,1,0,3,N
607,Parked Car,Minor Damage,Police,NY,1151.39,1740,1000,4000000,1,0,0,N
608,Multi-vehicle Collision,Total Loss,Police,VA,1546.01,7710,2000,0,4,2,1,N
609,Single Vehicle Collision,Minor Damage,Police,NY,1063.67,6600,500,0,1,2,0,N
610,Multi-vehicle Collision,Minor Damage,Fire,NY,709.14,4990,1000,0,3,1,0,N
611,Multi-vehicle Collision,Minor Damage,Other,WV,1039.55,13460,500,0,3,2,1,N
612,Single Vehicle Collision,Total Loss,Other,NY,1339.39,11180,500,0,1,1,2,N
613,Multi-vehicle Collision,Minor Damage,Police,SC,1202.75,13260,1000,0,3,0,2,N
614,Parked Car,Minor Damage,Police,NY,1081.17,490,2000,0,1,0,1,N
615,Multi-vehicle Collision,Total Loss,Other,WV,991.39,14140,500,0,3,1,0,N
616,Multi-vehicle Collision,Major Damage,Fire,SC,984.02,14940,500,0,2,2,2,Y
617,Multi-vehicle Collision,Minor Damage,Police,NY,1354.83,4060,500,0,2,2,2,N
618,Single Vehicle Collision,Total Loss,Ambulance,SC,830.31,10060,1000,0,1,1,0,N
619,Multi-vehicle Collision,Minor Damage,Ambulance,NY,987.42,8560,2000,7000000,3,0,3,N
620,Single Vehicle Collision,Minor Damage,Police,SC,1119.29,4070,500,0,1,0,0,Y
621,Single Vehicle Collision,Minor Damage,Police,NY,1048.39,3150,500,0,1,2,1,N
622,Parked Car,Trivial Damage,Police,WV,1074.47,400,1000,0,1,2,0,N
623,Single Vehicle Collision,Major Damage,Fire,VA,1230.76,14360,1000,0,1,1,1,Y
624,Parked Car,Minor Damage,None,SC,1255.02,1120,500,0,1,1,0,N
625,Single Vehicle Collision,Major Damage,Ambulance,NC,1555.52,7750,1000,0,1,1,1,N
626,Multi-vehicle Collision,Major Damage,Fire,SC,836.11,6070,2000,5000000,4,1,2,N
627,Parked Car,Trivial Damage,Police,WV,1450.98,1100,500,0,1,0,2,N
628,Single Vehicle Collision,Major Damage,Fire,SC,625.08,7990,2000,0,1,2,3,Y
629,Multi-vehicle Collision,Total Loss,Other,NY,1133.27,5500,2000,0,2,0,2,Y
630,Multi-vehicle Collision,Minor Damage,Fire,NY,1366.6,16040,500,0,3,2,1,N
631,Multi-vehicle Collision,Total Loss,Other,SC,1439.9,4880,1000,6000000,2,1,2,N
632,Single Vehicle Collision,Minor Damage,Fire,VA,1230.69,5380,1000,0,1,0,2,N
633,Single Vehicle Collision,Major Damage,Police,NY,1307.68,9060,2000,0,1,1,2,Y
634,Single Vehicle Collision,Major Damage,Police,WV,1124.69,4940,2000,0,1,0,3,N
635,Parked Car,Trivial Damage,None,SC,1520.78,260,1000,0,1,0,2,Y
636,Vehicle Theft,Minor Damage,Police,WV,1609.11,1220,2000,0,1,2,1,N
637,Vehicle Theft,Trivial Damage,Police,WV,1358.91,1340,1000,0,1,0,2,N
638,Multi-vehicle Collision,Major Damage,Ambulance,NC,1295.87,5080,500,0,3,1,0,Y
639,Multi-vehicle Collision,Minor Damage,Fire,VA,1161.03,5190,500,5000000,2,1,1,N
640,Single Vehicle Collision,Total Loss,Police,NY,1441.06,16300,2000,0,1,2,3,N
641,Multi-vehicle Collision,Total Loss,Police,NY,1097.99,0,1000,0,3,0,3,N
642,Single Vehicle Collision,Major Damage,Ambulance,SC,1464.42,5660,1000,0,1,2,0,N
643,Single Vehicle Collision,Major Damage,Police,NC,1543.68,4720,500,0,1,0,1,Y
644,Single Vehicle Collision,Minor Damage,Other,NY,1390.89,4860,500,5000000,1,2,2,N
645,Multi-vehicle Collision,Total Loss,Fire,SC,1148.58,5710,2000,0,3,2,1,N
646,Multi-vehicle Collision,Total Loss,Ambulance,NY,1616.26,7040,500,0,3,2,3,N
647,Single Vehicle Collision,Minor Damage,Ambulance,NY,1398.94,13660,500,0,1,1,2,N
648,Parked Car,Trivial Damage,None,NY,1238.92,920,1000,0,1,0,2,N
649,Multi-vehicle Collision,Total Loss,Ambulance,WV,968.46,13200,1000,0,3,0,2,Y
650,Multi-vehicle Collision,Major Damage,Ambulance,NY,1045.12,15540,500,0,3,0,2,Y
651,Multi-vehicle Collision,Minor Damage,Police,NY,1537.33,15540,1000,0,3,1,1,N
652,Multi-vehicle Collision,Major Damage,Other,SC,912.3,12500,500,0,3,2,1,Y
653,Multi-vehicle Collision,Minor Damage,Police,NY,1007.28,16560,2000,6000000,3,1,3,N
654,Single Vehicle Collision,Minor Damage,Other,WV,1189.98,8060,1000,4000000,1,1,3,N
655,Single Vehicle Collision,Major Damage,Other,WV,1576.41,9500,1000,0,1,1,1,N
656,Vehicle Theft,Trivial Damage,Police,SC,1172.82,390,500,4000000,1,1,3,N
657,Multi-vehicle Collision,Minor Damage,Other,NC,1312.22,5940,500,9000000,3,0,3,Y
658,Single Vehicle Collision,Minor Damage,Fire,NC,671.01,6690,1000,7000000,1,2,0,N
659,Single Vehicle Collision,Minor Damage,Ambulance,SC,895.14,4360,500,0,1,0,3,N
660,Multi-vehicle Collision,Total Loss,Police,SC,1373.21,12560,2000,0,3,0,0,N
661,Single Vehicle Collision,Major Damage,Ambulance,VA,1625.65,5950,1000,0,1,1,3,N
662,Multi-vehicle Collision,Total Loss,Police,WV,1295.63,5940,2000,4000000,3,1,0,N
663,Multi-vehicle Collision,Total Loss,Ambulance,NY,1459.96,7580,1000,6000000,3,0,1,N
664,Single Vehicle Collision,Minor Damage,Ambulance,NY,1219.94,12620,500,7000000,1,0,1,N
665,Single Vehicle Collision,Total Loss,Ambulance,WV,1064.49,10480,500,5000000,1,2,1,Y
666,Multi-vehicle Collision,Major Damage,Fire,NY,959.83,11600,1000,0,3,2,2,Y
667,Single Vehicle Collision,Total Loss,Ambulance,SC,1767.02,8400,2000,0,1,1,1,N
668,Single Vehicle Collision,Major Damage,Ambulance,VA,1285.01,5850,500,0,1,2,2,N
669,Multi-vehicle Collision,Major Damage,Other,SC,1422.95,11040,2000,0,3,1,3,N
670,Multi-vehicle Collision,Total Loss,Ambulance,PA,1223.39,8180,2000,0,3,1,3,N
671,Single Vehicle Collision,Minor Damage,Fire,SC,1539.06,10700,2000,0,1,0,3,N
672,Multi-vehicle Collision,Minor Damage,Ambulance,WV,988.06,4040,2000,0,3,1,0,N
673,Single Vehicle Collision,Major Damage,Police,SC,1740.57,3720,1000,0,1,0,1,N
674,Vehicle Theft,Trivial Damage,None,VA,1540.91,960,1000,7000000,1,1,1,N
675,Vehicle Theft,Trivial Damage,Police,SC,1381.88,420,500,5000000,1,0,2,N
676,Multi-vehicle Collision,Minor Damage,Ambulance,NY,1446.98,5270,500,0,3,2,0,N
677,Parked Car,Trivial Damage,None,NY,1220.86,960,500,0,1,1,2,N
678,Multi-vehicle Collision,Minor Damage,Fire,SC,948.1,6930,500,0,3,0,2,N
679,Multi-vehicle Collision,Minor Damage,Police,NC,1471.24,4060,500,0,3,2,2,N
680,Single Vehicle Collision,Total Loss,Police,NY,1157.97,6720,2000,0,1,2,2,N
681,Parked Car,Trivial Damage,Police,NC,566.11,440,2000,5000000,1,0,0,N
682,Parked Car,Trivial Damage,Police,SC,1060.88,1100,500,0,1,0,3,N
683,Multi-vehicle Collision,Total Loss,Ambulance,NC,1524.45,4270,1000,4000000,4,0,0,Y
684,Single Vehicle Collision,Major Damage,Ambulance,SC,1556.17,7320,1000,0,1,1,3,Y
685,Single Vehicle Collision,Major Damage,Fire,NY,1216.24,10000,500,0,1,2,0,N
686,Parked Car,Trivial Damage,None,NY,1484.72,320,500,5000000,1,0,1,N
687,Multi-vehicle Collision,Minor Damage,Police,WV,1203.81,20550,500,0,3,0,2,N
688,Multi-vehicle Collision,Minor Damage,Ambulance,WV,1393.34,12480,1000,0,3,1,3,N
689,Single Vehicle Collision,Major Damage,Police,SC,1484.48,11460,1000,0,1,2,3,N
690,Single Vehicle Collision,Minor Damage,Police,NY,1581.27,11540,500,5000000,1,2,2,N
691,Single Vehicle Collision,Major Damage,Police,WV,1281.25,4040,1000,0,1,0,2,Y
692,Parked Car,Minor Damage,Police,WV,1667.83,1200,500,0,1,1,1,N
693,Multi-vehicle Collision,Minor Damage,Ambulance,WV,1497.41,9650,1000,0,3,2,0,N
694,Multi-vehicle Collision,Total Loss,Other,WV,803.36,11400,500,0,3,0,0,N
695,Vehicle Theft,Trivial Damage,Police,WV,1221.41,300,2000,0,1,2,1,N
696,Single Vehicle Collision,Total Loss,Police,WV,1865.83,8600,500,5000000,1,2,1,N
697,Single Vehicle Collision,Major Damage,Other,VA,1434.27,10020,2000,0,1,2,3,N
698,Vehicle Theft,Trivial Damage,Police,SC,1114.68,480,500,0,1,1,0,N
699,Multi-vehicle Collision,Total Loss,Police,VA,1218.56,5730,2000,0,3,2,2,Y
700,Multi-vehicle Collision,Major Damage,Other,WV,1234.69,7440,2000,9000000,2,2,1,Y
701,Multi-vehicle Collision,Major Damage,Fire,NY,964.92,3530,500,0,4,2,1,Y
702,Parked Car,Minor Damage,None,NY,1351.72,480,500,0,1,1,3,N
703,Multi-vehicle Collision,Total Loss,Ambulance,SC,817.28,9260,1000,0,3,1,1,Y
704,Multi-vehicle Collision,Major Damage,Fire,NY,1389.59,7560,1000,0,3,1,3,Y
705,Single Vehicle Collision,Minor Damage,Ambulance,NY,1353.53,0,1000,0,1,0,0,Y
706,Single Vehicle Collision,Minor Damage,Fire,SC,1294.04,6610,1000,0,1,2,3,N
707,Single Vehicle Collision,Minor Damage,Ambulance,NY,840.81,7510,1000,0,1,0,2,Y
708,Multi-vehicle Collision,Total Loss,Ambulance,SC,998.19,19650,2000,0,3,1,3,Y
709,Single Vehicle Collision,Minor Damage,Ambulance,SC,1090.32,5710,2000,0,1,1,2,Y
710,Single Vehicle Collision,Major Damage,Ambulance,NC,1780.67,7020,500,0,1,1,0,Y
711,Parked Car,Minor Damage,None,SC,1681.01,1470,2000,0,1,2,1,N
712,Multi-vehicle Collision,Major Damage,Other,PA,1395.77,11080,1000,0,3,1,3,Y
713,Single Vehicle Collision,Major Damage,Fire,NC,1471.44,9160,2000,5000000,1,2,1,Y
714,Single Vehicle Collision,Major Damage,Fire,SC,1265.72,9900,500,0,1,0,2,N
715,Multi-vehicle Collision,Major Damage,Ambulance,NC,1274.7,11080,1000,5000000,3,2,3,Y
716,Single Vehicle Collision,Total Loss,Other,NY,1330.39,9980,500,0,1,2,2,N
717,Multi-vehicle Collision,Minor Damage,Ambulance,WV,1122.95,12480,500,4000000,3,0,3,N
718,Single Vehicle Collision,Minor Damage,Other,NY,1655.79,16280,2000,0,1,0,0,N
719,Vehicle Theft,Trivial Damage,Police,PA,935.77,650,1000,0,1,1,0,N
720,Single Vehicle Collision,Total Loss,Ambulance,SC,1192.04,11160,2000,0,1,0,0,N
721,Parked Car,Trivial Damage,None,NY,990.11,1060,500,0,1,1,3,N
722,Single Vehicle Collision,Major Damage,Ambulance,WV,1422.21,17180,2000,0,1,2,1,Y
723,Parked Car,Minor Damage,Police,OH,914.85,1580,500,0,1,2,3,N
724,Multi-vehicle Collision,Total Loss,Fire,WV,1123.84,3360,500,0,3,0,0,N
725,Multi-vehicle Collision,Minor Damage,Police,VA,838.02,6440,2000,0,3,2,0,N
726,Parked Car,Minor Damage,None,NC,1300.68,0,500,0,1,1,3,N
727,Single Vehicle Collision,Major Damage,Police,SC,1173.21,7830,500,0,1,0,1,Y
728,Single Vehicle Collision,Major Damage,Fire,VA,985.97,7470,1000,5000000,1,2,3,Y
729,Single Vehicle Collision,Major Damage,Fire,WV,1129.23,5030,1000,0,1,1,0,Y
730,Single Vehicle Collision,Major Damage,Police,SC,1194.83,8840,500,0,1,0,0,N
731,Single Vehicle Collision,Major Damage,Ambulance,VA,1114.29,6060,1000,0,1,2,2,N
732,Single Vehicle Collision,Total Loss,Ambulance,SC,1509.04,14240,2000,0,1,2,3,N
733,Single Vehicle Collision,Total Loss,Fire,WV,664.86,16160,500,0,1,0,1,N
734,Single Vehicle Collision,Minor Damage,Fire,NY,1267.4,5070,1000,6000000,1,2,1,N
735,Multi-vehicle Collision,Total Loss,Fire,WV,1119.23,5690,1000,0,3,1,1,N
736,Multi-vehicle Collision,Total Loss,Fire,SC,1698.51,8640,500,0,3,2,1,N
737,Multi-vehicle Collision,Total Loss,Ambulance,NC,1422.78,5280,1000,0,3,2,3,N
738,Single Vehicle Collision,Minor Damage,Fire,WV,1212.75,13800,500,0,1,0,0,N
739,Vehicle Theft,Minor Damage,None,WV,1423.34,1400,1000,0,1,0,3,N
740,Multi-vehicle Collision,Minor Damage,Other,WV,976.37,6760,1000,0,3,1,3,N
741,Single Vehicle Collision,Minor Damage,Other,NC,1124.59,6800,500,6000000,1,1,2,N
742,Multi-vehicle Collision,Major Damage,Other,WV,1569.33,13000,1000,0,3,2,1,Y
743,Multi-vehicle Collision,Major Damage,Other,SC,1359.36,6510,500,5000000,3,2,2,Y
744,Multi-vehicle Collision,Major Damage,Other,SC,1607.36,12120,500,0,4,0,2,Y
745,Multi-vehicle Collision,Major Damage,Fire,NC,1042.25,20310,500,0,3,2,3,Y
746,Multi-vehicle Collision,Total Loss,Fire,WV,1453.95,5860,500,0,3,0,3,N
747,Multi-vehicle Collision,Total Loss,Fire,WV,1969.63,13900,500,0,3,1,1,N
748,Multi-vehicle Collision,Major Damage,Fire,NY,1156.19,4940,1000,0,3,0,3,N
749,Single Vehicle Collision,Total Loss,Ambulance,SC,1124.47,16460,2000,0,1,0,1,N
750,Vehicle Theft,Minor Damage,Police,WV,1493.5,730,500,5000000,1,2,1,N
751,Single Vehicle Collision,Minor Damage,Fire,NY,1155.38,6390,500,0,1,0,0,N
752,Multi-vehicle Collision,Minor Damage,Fire,NC,878.19,4830,500,0,4,0,2,N
753,Multi-vehicle Collision,Total Loss,Other,NY,1145.85,4610,2000,0,3,1,1,N
754,Multi-vehicle Collision,Minor Damage,Fire,VA,1261.28,7190,500,0,3,2,0,N
755,Multi-vehicle Collision,Major Damage,Police,WV,1427.46,8790,500,0,3,0,0,N
756,Single Vehicle Collision,Total Loss,Ambulance,WV,1592.41,5340,500,0,1,2,3,N
757,Single Vehicle Collision,Total Loss,Fire,SC,1274.63,9460,1000,0,1,2,3,N
758,Single Vehicle Collision,Minor Damage,Ambulance,VA,1362.31,7460,500,0,1,0,2,N
759,Single Vehicle Collision,Minor Damage,Ambulance,NY,919.37,8060,1000,0,1,0,3,N
760,Multi-vehicle Collision,Minor Damage,Other,NY,1377.23,11620,1000,0,3,2,1,N
761,Multi-vehicle Collision,Major Damage,Police,SC,995.55,12400,1000,5000000,3,0,3,Y
762,Multi-vehicle Collision,Major Damage,Other,NY,1508.12,6750,500,6000000,3,2,1,Y
763,Multi-vehicle Collision,Major Damage,Fire,SC,484.67,11920,500,0,3,0,2,Y
764,Multi-vehicle Collision,Minor Damage,Police,NY,1561.41,12780,1000,0,3,1,3,N
765,Single Vehicle Collision,Total Loss,Ambulance,SC,1457.21,5000,500,0,1,2,0,N
766,Multi-vehicle Collision,Total Loss,Fire,VA,1128.71,6180,1000,0,3,2,1,N
767,Multi-vehicle Collision,Major Damage,Ambulance,NY,1358.2,11740,500,0,3,0,0,N
768,Single Vehicle Collision,Minor Damage,Other,VA,1232.79,14100,1000,0,1,2,0,N
769,Multi-vehicle Collision,Total Loss,Police,SC,936.19,5790,1000,0,3,2,1,N
770,Multi-vehicle Collision,Minor Damage,Fire,WV,1302.34,10520,500,0,3,1,0,N
771,Single Vehicle Collision,Minor Damage,Fire,VA,1264.99,4200,500,0,1,1,1,N
772,Single Vehicle Collision,Total Loss,Ambulance,NY,1467.76,6330,500,0,1,1,3,N
773,Multi-vehicle Collision,Total Loss,Ambulance,WV,1124.43,4420,2000,0,3,0,1,N
774,Multi-vehicle Collision,Minor Damage,Police,WV,1319.81,3520,1000,0,4,1,0,N
775,Parked Car,Trivial Damage,Police,WV,1482.53,20,2000,0,1,1,2,N
776,Single Vehicle Collision,Minor Damage,Fire,WV,1328.18,6260,1000,0,1,2,1,N
777,Multi-vehicle Collision,Total Loss,Police,NC,1463.95,6340,500,0,3,0,0,N
778,Multi-vehicle Collision,Total Loss,Police,WV,1133.85,15120,2000,0,3,2,2,N
779,Multi-vehicle Collision,Minor Damage,Police,NC,1037.32,13480,1000,0,3,2,1,N
780,Single Vehicle Collision,Total Loss,Fire,WV,1562.8,4490,1000,0,1,1,2,N
781,Single Vehicle Collision,Minor Damage,Ambulance,NC,1425.79,11560,1000,0,1,0,3,N
782,Vehicle Theft,Minor Damage,None,NY,1615.14,680,2000,0,1,0,1,N
783,Parked Car,Trivial Damage,None,NY,1236.5,920,500,0,1,0,1,N
784,Multi-vehicle Collision,Total Loss,Police,WV,1017.97,6520,2000,0,3,0,0,Y
785,Multi-vehicle Collision,Major Damage,Ambulance,NY,1306.0,3850,2000,0,3,2,1,Y
786,Multi-vehicle Collision,Minor Damage,Fire,NY,1174.14,5370,2000,0,4,0,0,N
787,Multi-vehicle Collision,Minor Damage,Fire,SC,1231.01,3160,1000,0,3,1,2,N
788,Single Vehicle Collision,Major Damage,Fire,OH,1299.18,8280,500,0,1,2,1,Y
789,Single Vehicle Collision,Minor Damage,Fire,VA,1469.75,3870,500,0,1,0,0,N
790,Parked Car,Trivial Damage,None,SC,1390.72,530,500,0,1,2,1,N
791,Single Vehicle Collision,Total Loss,Other,NY,1694.09,9540,500,7000000,1,0,2,Y
792,Multi-vehicle Collision,Total Loss,Police,VA,1140.15,8400,2000,0,3,0,3,N
793,Single Vehicle Collision,Total Loss,Ambulance,NY,1310.71,5770,1000,0,1,0,1,N
794,Multi-vehicle Collision,Minor Damage,Fire,WV,1730.49,9360,2000,7000000,3,2,0,N
795,Multi-vehicle Collision,Total Loss,Fire,WV,1616.65,5550,500,7000000,3,0,3,N
796,Single Vehicle Collision,Major Damage,Ambulance,NY,1935.85,8430,500,4000000,1,2,3,Y
797,Single Vehicle Collision,Minor Damage,Fire,NC,855.14,6140,1000,0,1,0,1,N
798,Single Vehicle Collision,Major Damage,Fire,NY,1568.47,5660,2000,4000000,1,2,0,N
799,Parked Car,Trivial Damage,None,VA,1550.53,660,2000,0,1,0,1,N
800,Single Vehicle Collision,Minor Damage,Police,SC,1370.92,6960,2000,0,1,0,3,N
801,Multi-vehicle Collision,Minor Damage,Other,NY,1363.59,7950,500,0,3,2,0,N
802,Single Vehicle Collision,Total Loss,Police,NY,828.42,5600,1000,3000000,1,2,2,N
803,Single Vehicle Collision,Minor Damage,Ambulance,NC,1209.63,0,500,0,1,1,0,Y
804,Parked Car,Trivial Damage,None,WV,1111.17,450,2000,0,1,2,3,N
805,Single Vehicle Collision,Minor Damage,Ambulance,WV,989.97,9600,500,0,1,0,1,N
806,Single Vehicle Collision,Major Damage,Fire,SC,1114.23,5220,1000,0,1,0,1,N
807,Multi-vehicle Collision,Minor Damage,Ambulance,NY,1347.31,12300,2000,0,3,2,3,N
808,Single Vehicle Collision,Total Loss,Fire,NC,1687.53,7820,2000,0,1,1,2,N
809,Single Vehicle Collision,Major Damage,Ambulance,VA,1183.48,9200,1000,0,1,2,3,Y
810,Multi-vehicle Collision,Total Loss,Other,NY,1537.13,6340,2000,0,3,0,2,N
811,Vehicle Theft,Minor Damage,None,WV,1173.25,520,1000,0,1,0,3,N
812,Single Vehicle Collision,Minor Damage,Ambulance,VA,1361.16,5310,1000,4000000,1,2,0,Y
813,Vehicle Theft,Minor Damage,None,WV,1422.56,320,2000,7000000,1,1,2,N
814,Multi-vehicle Collision,Total Loss,Ambulance,VA,1143.06,14580,2000,0,3,0,1,N
815,Single Vehicle Collision,Total Loss,Police,SC,1405.71,14140,500,0,1,0,1,N
816,Multi-vehicle Collision,Minor Damage,Other,SC,1354.2,10940,500,0,4,0,0,N
817,Single Vehicle Collision,Major Damage,Other,SC,1055.6,6800,500,0,1,1,1,Y
818,Vehicle Theft,Trivial Damage,Police,WV,999.43,410,1000,0,1,2,0,N
819,Single Vehicle Collision,Minor Damage,Other,SC,1155.97,11180,2000,0,1,0,3,N
820,Vehicle Theft,Trivial Damage,None,VA,1726.91,1440,1000,0,1,0,0,N
821,Multi-vehicle Collision,Minor Damage,Fire,NY,1232.57,4100,500,0,3,0,0,N
822,Single Vehicle Collision,Minor Damage,Police,WV,1078.65,6060,500,0,1,2,3,N
823,Single Vehicle Collision,Major Damage,Police,NC,1324.78,7640,1000,0,1,2,2,Y
824,Single Vehicle Collision,Total Loss,Ambulance,PA,1518.54,10600,500,0,1,1,1,N
825,Single Vehicle Collision,Total Loss,Police,SC,1239.06,10420,2000,0,1,1,1,N
826,Single Vehicle Collision,Minor Damage,Fire,NY,1246.68,5900,2000,0,1,0,1,N
827,Multi-vehicle Collision,Total Loss,Ambulance,WV,1622.67,7470,1000,0,3,1,1,N
828,Multi-vehicle Collision,Major Damage,Fire,SC,1082.36,6050,500,0,3,2,2,N
829,Multi-vehicle Collision,Total Loss,Other,NC,1270.55,15440,1000,0,3,2,3,Y
830,Single Vehicle Collision,Total Loss,Police,PA,1236.32,11100,1000,5000000,1,2,0,N
831,Multi-vehicle Collision,Major Damage,Police,NY,785.82,6280,2000,0,3,2,0,Y
832,Vehicle Theft,Minor Damage,None,VA,1265.84,380,500,0,1,1,3,N
833,Multi-vehicle Collision,Total Loss,Police,WV,1508.9,11300,500,0,4,0,1,N
834,Vehicle Theft,Minor Damage,Police,SC,1106.84,560,2000,0,1,1,1,N
835,Vehicle Theft,Minor Damage,None,NC,1389.13,1800,2000,7000000,1,0,2,N
836,Single Vehicle Collision,Total Loss,Police,VA,974.84,7110,1000,0,1,0,1,N
837,Vehicle Theft,Trivial Damage,None,NC,1304.46,1080,2000,0,1,0,3,Y
838,Multi-vehicle Collision,Major Damage,Fire,SC,1257.36,4670,500,0,3,1,1,Y
839,Single Vehicle Collision,Major Damage,Police,SC,1257.04,5160,500,0,1,2,2,N
840,Parked Car,Trivial Damage,None,SC,719.52,600,2000,0,1,0,3,N
841,Multi-vehicle Collision,Minor Damage,Fire,SC,1524.18,5430,2000,0,3,1,0,N
842,Vehicle Theft,Minor Damage,Police,WV,1395.58,860,500,0,1,2,1,N
843,Multi-vehicle Collision,Major Damage,Other,NY,1243.68,0,1000,0,3,0,2,Y
844,Multi-vehicle Collision,Minor Damage,Police,VA,1189.04,3980,1000,0,3,1,3,N
845,Multi-vehicle Collision,Major Damage,Ambulance,SC,1375.29,6240,2000,0,3,0,1,Y
846,Single Vehicle Collision,Total Loss,Fire,VA,1389.13,10540,500,0,1,0,3,N
847,Multi-vehicle Collision,Minor Damage,Fire,NY,1387.51,7620,1000,0,3,1,3,N
848,Single Vehicle Collision,Major Damage,Ambulance,NY,1178.61,19470,1000,7000000,1,1,2,Y
849,Parked Car,Trivial Damage,Police,NC,1166.62,570,2000,6000000,1,0,3,N
850,Multi-vehicle Collision,Total Loss,Police,NY,1556.31,8630,1000,0,3,2,0,N
851,Single Vehicle Collision,Major Damage,Ambulance,SC,1452.27,9360,500,0,1,1,2,Y
852,Multi-vehicle Collision,Total Loss,Fire,NY,1212.07,7040,1000,0,3,2,3,N
853,Single Vehicle Collision,Minor Damage,Fire,WV,1578.54,15180,2000,0,1,1,3,N
854,Multi-vehicle Collision,Total Loss,Police,WV,1488.26,5790,500,0,3,2,2,N
855,Multi-vehicle Collision,Total Loss,Fire,SC,1096.39,5490,1000,0,3,1,3,N
856,Multi-vehicle Collision,Minor Damage,Fire,WV,1215.36,6620,2000,0,3,0,1,N
857,Single Vehicle Collision,Minor Damage,Fire,NY,1482.57,10680,2000,0,1,0,1,N
858,Multi-vehicle Collision,Minor Damage,Other,SC,954.18,4250,1000,0,3,2,3,N
859,Multi-vehicle Collision,Total Loss,Other,SC,1193.4,4450,2000,0,3,2,3,N
860,Multi-vehicle Collision,Minor Damage,Other,NY,1023.11,10700,1000,0,3,1,2,N
861,Multi-vehicle Collision,Minor Damage,Other,NY,1524.45,8240,1000,0,3,0,2,N
862,Single Vehicle Collision,Minor Damage,Ambulance,WV,1653.32,6780,1000,0,1,2,0,N
863,Multi-vehicle Collision,Minor Damage,Other,SC,1022.46,7420,1000,0,3,0,2,N
864,Single Vehicle Collision,Total Loss,Fire,WV,1396.43,5270,2000,0,1,2,1,N
865,Single Vehicle Collision,Major Damage,Fire,SC,1521.55,6820,500,0,1,1,3,Y
866,Single Vehicle Collision,Minor Damage,Fire,NY,1034.27,7100,1000,0,1,1,0,N
867,Multi-vehicle Collision,Total Loss,Ambulance,NY,1255.35,5930,1000,0,2,0,3,N
868,Multi-vehicle Collision,Minor Damage,Other,SC,1396.89,13380,2000,6000000,3,1,2,Y
869,Multi-vehicle Collision,Major Damage,Police,OH,795.31,7420,500,0,3,1,3,Y
870,Single Vehicle Collision,Total Loss,Fire,NY,982.22,7540,500,0,1,1,0,N
871,Parked Car,Minor Damage,None,WV,1074.07,840,500,0,1,2,0,N
872,Multi-vehicle Collision,Major Damage,Ambulance,NY,1311.3,5850,1000,0,3,0,0,Y
873,Single Vehicle Collision,Major Damage,Ambulance,WV,1277.12,7680,2000,0,1,0,2,N
874,Single Vehicle Collision,Minor Damage,Other,NC,1388.62,6610,500,0,1,1,0,N
875,Single Vehicle Collision,Major Damage,Ambulance,SC,1406.52,4420,1000,8000000,1,0,2,Y
876,Vehicle Theft,Trivial Damage,Police,WV,1558.29,1540,500,0,1,1,2,N
877,Multi-vehicle Collision,Total Loss,Other,NY,1132.47,10240,1000,4000000,3,2,3,N
878,Multi-vehicle Collision,Major Damage,Fire,SC,1896.91,10880,2000,0,3,1,3,Y
879,Single Vehicle Collision,Total Loss,Other,NC,1143.46,9760,500,4000000,1,2,1,N
880,Single Vehicle Collision,Major Damage,Fire,VA,1285.42,6730,500,0,1,1,1,Y
881,Single Vehicle Collision,Major Damage,Fire,VA,1305.26,6680,2000,0,1,1,3,Y
882,Single Vehicle Collision,Total Loss,Police,NY,1073.83,15580,1000,0,1,0,0,N
883,Multi-vehicle Collision,Major Damage,Ambulance,WV,1051.67,4270,1000,0,3,0,3,Y
884,Single Vehicle Collision,Minor Damage,Fire,WV,1387.35,10220,1000,0,1,2,2,N
885,Multi-vehicle Collision,Total Loss,Police,NC,1083.64,13280,500,0,3,0,0,N
886,Single Vehicle Collision,Total Loss,Fire,SC,1851.78,6860,1000,0,1,1,0,N
887,Parked Car,Minor Damage,None,VA,1270.29,640,500,4000000,1,0,0,N
888,Single Vehicle Collision,Major Damage,Fire,SC,1459.99,6060,500,0,1,1,2,N
889,Multi-vehicle Collision,Major Damage,Ambulance,VA,1253.44,5120,2000,0,3,2,0,N
890,Single Vehicle Collision,Total Loss,Ambulance,NC,1142.48,4750,1000,0,1,2,0,N
891,Multi-vehicle Collision,Total Loss,Other,SC,1188.45,10780,1000,0,2,0,3,N
892,Vehicle Theft,Trivial Damage,None,WV,1125.4,440,1000,0,1,2,1,N
893,Vehicle Theft,Minor Damage,None,NC,1294.41,1380,500,0,1,0,0,N
894,Parked Car,Minor Damage,None,NY,1459.5,1000,500,0,1,1,3,N
895,Multi-vehicle Collision,Major Damage,Fire,WV,1367.99,5520,500,0,3,0,3,Y
896,Parked Car,Trivial Damage,None,SC,1594.37,1320,500,0,1,0,3,N
897,Multi-vehicle Collision,Minor Damage,Police,NY,1035.99,11760,500,0,3,2,0,N
898,Single Vehicle Collision,Major Damage,Police,WV,911.53,11840,500,0,1,0,1,N
899,Vehicle Theft,Minor Damage,None,NC,1319.97,940,500,0,1,1,3,N
900,Single Vehicle Collision,Total Loss,Other,NY,1391.63,6940,2000,0,1,0,3,N
901,Single Vehicle Collision,Total Loss,Police,NY,915.41,4050,500,5000000,1,0,0,N
902,Multi-vehicle Collision,Minor Damage,Fire,SC,1468.82,10000,1000,0,3,2,1,N
903,Single Vehicle Collision,Minor Damage,Other,WV,1412.76,11220,500,0,1,2,3,N
904,Multi-vehicle Collision,Total Loss,Other,VA,1588.26,8410,500,0,3,2,1,N
905,Multi-vehicle Collision,Major Damage,Fire,VA,1140.91,6430,1000,0,3,1,2,Y
906,Multi-vehicle Collision,Major Damage,Police,SC,1517.54,6440,1000,0,3,2,0,N
907,Multi-vehicle Collision,Minor Damage,Fire,WV,912.29,16180,2000,0,3,1,2,N
908,Vehicle Theft,Minor Damage,Police,WV,1144.3,500,2000,0,1,1,0,N
909,Multi-vehicle Collision,Total Loss,Other,SC,1281.43,6140,1000,0,3,0,2,N
910,Single Vehicle Collision,Minor Damage,Police,PA,1101.85,3720,2000,0,1,1,2,N
911,Multi-vehicle Collision,Total Loss,Police,WV,1082.1,7270,2000,0,2,0,1,N
912,Multi-vehicle Collision,Major Damage,Police,NC,1185.44,7760,500,0,3,2,1,Y
913,Single Vehicle Collision,Minor Damage,Fire,WV,1175.07,7980,2000,0,1,1,1,N
914,Multi-vehicle Collision,Major Damage,Fire,NY,979.26,14560,2000,0,4,0,2,N
915,Single Vehicle Collision,Major Damage,Fire,SC,920.81,7910,500,0,1,2,0,Y
916,Vehicle Theft,Trivial Damage,None,NY,922.85,400,500,0,1,1,1,N
917,Single Vehicle Collision,Major Damage,Other,NY,1107.59,10440,2000,3000000,1,1,3,N
918,Multi-vehicle Collision,Minor Damage,Ambulance,NY,1272.46,6330,500,0,3,2,1,N
919,Multi-vehicle Collision,Minor Damage,Police,NY,1340.24,6910,1000,0,3,1,0,Y
920,Single Vehicle Collision,Total Loss,Other,WV,1648.0,4020,1000,0,1,1,0,N
921,Multi-vehicle Collision,Minor Damage,Other,NY,1381.14,10400,500,0,3,0,3,N
922,Vehicle Theft,Minor Damage,Police,WV,1198.44,560,500,8000000,1,0,3,N
923,Single Vehicle Collision,Total Loss,Other,SC,951.27,6890,2000,0,1,1,0,N
924,Multi-vehicle Collision,Minor Damage,Ambulance,WV,1341.24,2970,2000,0,3,0,1,N
925,Vehicle Theft,Minor Damage,Police,VA,1177.57,860,2000,0,1,2,3,N
926,Single Vehicle Collision,Total Loss,Fire,NY,1055.09,16640,1000,0,1,0,3,Y
927,Single Vehicle Collision,Major Damage,Other,NY,1479.48,13580,500,0,1,1,3,Y
928,Vehicle Theft,Trivial Damage,Police,VA,1827.38,840,2000,0,1,1,3,N
929,Single Vehicle Collision,Major Damage,Police,SC,1169.62,10000,500,0,1,0,0,Y
930,Multi-vehicle Collision,Major Damage,Police,SC,1516.34,6600,500,0,4,0,2,Y
931,Multi-vehicle Collision,Total Loss,Fire,PA,1270.21,0,2000,0,3,1,1,N
932,Multi-vehicle Collision,Minor Damage,Other,NC,809.11,10280,500,0,3,2,1,N
933,Multi-vehicle Collision,Minor Damage,Ambulance,NY,1115.81,10840,1000,0,3,1,3,N
934,Multi-vehicle Collision,Major Damage,Ambulance,VA,1457.65,5820,1000,5000000,3,1,3,N
935,Multi-vehicle Collision,Total Loss,Other,WV,1041.36,13520,1000,0,4,2,3,Y
936,Single Vehicle Collision,Minor Damage,Police,NY,1693.83,5340,1000,7000000,1,1,0,N
937,Single Vehicle Collision,Total Loss,Police,VA,1685.69,14360,1000,0,1,2,2,N
938,Single Vehicle Collision,Major Damage,Other,NY,1054.92,0,500,6000000,1,0,0,Y
939,Multi-vehicle Collision,Major Damage,Other,SC,1333.97,11100,2000,6000000,3,1,0,Y
940,Parked Car,Minor Damage,None,NY,1013.61,860,1000,6000000,1,1,1,N
941,Multi-vehicle Collision,Major Damage,Fire,NY,958.3,8520,500,0,3,0,0,N
942,Parked Car,Minor Damage,None,SC,1112.04,780,2000,6000000,1,1,3,N
943,Multi-vehicle Collision,Minor Damage,Police,NC,1206.26,7850,2000,0,3,0,0,N
944,Single Vehicle Collision,Total Loss,Police,SC,763.67,7870,1000,0,1,1,3,N
945,Multi-vehicle Collision,Total Loss,Police,SC,1042.56,7560,500,0,3,0,2,N
946,Single Vehicle Collision,Major Damage,Fire,WV,1263.48,10600,2000,4000000,1,2,0,Y
947,Single Vehicle Collision,Minor Damage,Other,WV,1006.99,4840,500,6000000,1,0,3,N
948,Single Vehicle Collision,Total Loss,Police,WV,1328.26,6760,1000,0,1,1,1,N
949,Multi-vehicle Collision,Total Loss,Police,WV,1250.08,11360,1000,5000000,3,2,3,N
950,Parked Car,Minor Damage,None,SC,982.7,470,500,6000000,1,1,0,N
951,Single Vehicle Collision,Total Loss,Ambulance,NC,1412.06,5770,1000,5000000,1,0,3,N
952,Multi-vehicle Collision,Total Loss,Other,VA,1066.7,14920,2000,0,3,0,2,N
953,Vehicle Theft,Minor Damage,None,WV,1585.54,840,2000,0,1,1,0,N
954,Single Vehicle Collision,Minor Damage,Ambulance,WV,1416.08,5020,1000,0,1,0,3,N
955,Single Vehicle Collision,Total Loss,Other,NY,1246.03,4510,500,0,1,0,0,N
956,Multi-vehicle Collision,Total Loss,Police,SC,1356.64,15120,2000,0,3,0,3,N
957,Single Vehicle Collision,Minor Damage,Police,WV,1387.7,15660,2000,4000000,1,2,1,N
958,Multi-vehicle Collision,Major Damage,Fire,NC,1004.14,4800,1000,0,3,1,3,N
959,Vehicle Theft,Minor Damage,Police,VA,1107.07,600,500,0,1,0,0,N
960,Multi-vehicle Collision,Minor Damage,Ambulance,NY,1429.96,5720,500,0,3,1,2,N
961,Vehicle Theft,Trivial Damage,Police,VA,1074.99,690,1000,0,1,2,0,N
962,Single Vehicle Collision,Total Loss,Police,VA,1007.0,12320,1000,0,1,0,2,N
963,Vehicle Theft,Minor Damage,Police,WV,1052.85,480,500,0,1,0,0,N
964,Vehicle Theft,Minor Damage,Police,WV,1200.33,780,1000,4000000,1,2,1,Y
965,Single Vehicle Collision,Minor Damage,Other,SC,1343.0,9040,1000,0,1,0,0,N
966,Multi-vehicle Collision,Minor Damage,Other,NC,1441.6,12580,2000,5000000,3,0,0,N
967,Single Vehicle Collision,Major Damage,Police,NC,1433.42,10840,1000,6000000,1,1,2,Y
968,Multi-vehicle Collision,Major Damage,Police,NY,1368.57,10360,2000,0,3,2,2,N
969,Vehicle Theft,Trivial Damage,Police,SC,862.19,1200,500,0,1,2,3,N
970,Single Vehicle Collision,Total Loss,Fire,SC,871.46,6740,500,0,1,2,0,N
971,Single Vehicle Collision,Total Loss,Fire,VA,1863.04,6780,500,0,1,2,1,N
972,Single Vehicle Collision,Major Damage,Fire,NY,1181.64,11080,2000,0,1,1,1,Y
973,Single Vehicle Collision,Major Damage,Ambulance,SC,1060.74,4910,1000,0,1,2,3,Y
974,Multi-vehicle Collision,Major Damage,Police,SC,951.56,7560,500,0,3,2,1,Y
975,Multi-vehicle Collision,Total Loss,Fire,VA,1533.71,12100,500,9000000,2,0,2,N
976,Multi-vehicle Collision,Major Damage,Fire,WV,1200.09,7040,1000,0,3,2,2,N
977,Multi-vehicle Collision,Major Damage,Ambulance,WV,1093.83,8880,500,4000000,3,1,1,Y
978,Single Vehicle Collision,Total Loss,Other,NY,988.93,15380,1000,0,1,2,3,N
979,Single Vehicle Collision,Total Loss,Other,NY,1331.94,9920,1000,0,1,0,2,N
980,Single Vehicle Collision,Minor Damage,Ambulance,OH,1361.45,7470,1000,0,1,0,2,N
981,Multi-vehicle Collision,Total Loss,Police,NY,1188.51,12220,2000,0,3,1,2,N
982,Multi-vehicle Collision,Minor Damage,Police,NY,1101.83,10380,2000,0,3,0,3,Y
983,Parked Car,Trivial Damage,Police,SC,840.95,430,1000,0,1,2,1,N
984,Single Vehicle Collision,Total Loss,Ambulance,WV,1503.21,11420,1000,0,1,2,1,N
985,Single Vehicle Collision,Major Damage,Other,WV,1722.5,7690,1000,0,1,0,2,N
986,Single Vehicle Collision,Minor Damage,Other,WV,944.03,7700,500,0,1,2,3,Y
987,Single Vehicle Collision,Major Damage,Other,NC,1453.61,9280,2000,4000000,1,0,3,Y
988,Single Vehicle Collision,Minor Damage,Fire,NY,1672.88,6070,500,0,1,1,1,N
989,Multi-vehicle Collision,Total Loss,Police,SC,1248.05,0,1000,0,3,1,2,N
990,Single Vehicle Collision,Minor Damage,Fire,NY,1564.43,3810,500,3000000,1,2,2,N
991,Single Vehicle Collision,Total Loss,Other,WV,1280.88,5220,1000,0,1,0,1,N
992,Multi-vehicle Collision,Major Damage,Fire,OH,722.66,7340,500,0,3,1,2,N
993,Multi-vehicle Collision,Total Loss,Other,OH,1235.14,6020,1000,0,3,0,1,N
994,Parked Car,Minor Damage,None,SC,1347.04,1080,1000,0,1,1,2,N
995,Single Vehicle Collision,Minor Damage,Fire,NC,1310.8,8720,1000,0,1,0,1,N
996,Single Vehicle Collision,Major Damage,Fire,SC,1436.79,18080,1000,0,1,2,3,N
997,Multi-vehicle Collision,Minor Damage,Police,NC,1383.49,7500,500,3000000,3,2,3,N
998,Single Vehicle Collision,Major Damage,Other,NY,1356.92,5220,2000,5000000,1,0,1,N
999,Parked Car,Minor Damage,Police,WV,766.19,920,1000,0,1,0,3,N
